{
  "type": "FeatureCollection",
  "generator": "overpass-turbo",
  "copyright": "The data included in this document is from www.openstreetmap.org. The data is made available under ODbL.",
  "timestamp": "2026-10-05T02:32:25Z",
  "features": [
    {
      "type": "Feature",
      "properties": {
        "@id": "relation/2248436",
        "mtb:type": "crosscountry",
        "name": "Simpang Paths",
        "route": "hiking",
        "type": "route"
      },
      "geometry": {
        "type": "MultiLineString",
        "coordinates": [
          [
            [
              103.8461109,
              1.4568578
            ],
            [
              103.8462142,
              1.4570887
            ],
            [
              103.8463001,
              1.4572807
            ],
            [
              103.8464059,
              1.4575174
            ]
          ],
          [
            [
              103.8480491,
              1.4535182
            ],
            [
              103.8479742,
              1.4531777
            ],
            [
              103.8474538,
              1.4524778
            ],
            [
              103.8473337,
              1.4522591
            ],
            [
              103.8472747,
              1.4520526
            ],
            [
              103.8472472,
              1.4518289
            ],
            [
              103.8472982,
              1.4515983
            ],
            [
              103.8474035,
              1.4514172
            ],
            [
              103.8475456,
              1.4512509
            ],
            [
              103.847661,
              1.4511329
            ],
            [
              103.8477146,
              1.4510659
            ],
            [
              103.8478802,
              1.4510272
            ],
            [
              103.8480573,
              1.4509977
            ],
            [
              103.8482638,
              1.4509682
            ],
            [
              103.8484676,
              1.4509494
            ],
            [
              103.8486956,
              1.4509333
            ],
            [
              103.8488753,
              1.4509869
            ],
            [
              103.8490067,
              1.4510539
            ],
            [
              103.849106,
              1.4511639
            ],
            [
              103.8491945,
              1.4513248
            ],
            [
              103.8493078,
              1.4514976
            ],
            [
              103.8494306,
              1.4516573
            ],
            [
              103.8496022,
              1.4518369
            ],
            [
              103.8498113,
              1.4521156
            ],
            [
              103.8500017,
              1.4522417
            ],
            [
              103.8502995,
              1.4523971
            ],
            [
              103.8506294,
              1.4525366
            ],
            [
              103.8511124,
              1.4528683
            ],
            [
              103.8511309,
              1.4529898
            ],
            [
              103.851055,
              1.4535507
            ],
            [
              103.8509328,
              1.4539036
            ],
            [
              103.8507529,
              1.4543028
            ],
            [
              103.8506106,
              1.4545235
            ],
            [
              103.8502913,
              1.454815
            ],
            [
              103.850124,
              1.454918
            ],
            [
              103.8499138,
              1.4549252
            ],
            [
              103.8496412,
              1.4549171
            ],
            [
              103.8493088,
              1.4549018
            ],
            [
              103.849234,
              1.4549446
            ],
            [
              103.8491276,
              1.4549071
            ],
            [
              103.8490739,
              1.4550358
            ],
            [
              103.8487494,
              1.4554675
            ],
            [
              103.8485246,
              1.4556912
            ],
            [
              103.8481009,
              1.4559165
            ],
            [
              103.8477835,
              1.4560648
            ],
            [
              103.8473946,
              1.4562887
            ],
            [
              103.8467135,
              1.4565991
            ],
            [
              103.846597,
              1.4566107
            ],
            [
              103.8466375,
              1.4564858
            ],
            [
              103.8465707,
              1.4560466
            ],
            [
              103.8465157,
              1.4556725
            ],
            [
              103.8464506,
              1.4552985
            ],
            [
              103.8464587,
              1.455084
            ],
            [
              103.8465103,
              1.4548949
            ],
            [
              103.846631,
              1.4546375
            ],
            [
              103.846859,
              1.4543479
            ],
            [
              103.8470977,
              1.4540797
            ],
            [
              103.8473761,
              1.4538346
            ],
            [
              103.8476551,
              1.453655
            ],
            [
              103.8480491,
              1.4535182
            ]
          ],
          [
            [
              103.8480491,
              1.4535182
            ],
            [
              103.8482579,
              1.4537596
            ],
            [
              103.8485953,
              1.4540999
            ],
            [
              103.8487904,
              1.4543408
            ],
            [
              103.8489623,
              1.45458
            ],
            [
              103.8491276,
              1.4549071
            ]
          ],
          [
            [
              103.8465157,
              1.4556725
            ],
            [
              103.8467482,
              1.4555263
            ],
            [
              103.8472793,
              1.4552957
            ],
            [
              103.8478265,
              1.4550061
            ],
            [
              103.8483361,
              1.4546468
            ],
            [
              103.8486695,
              1.454431
            ],
            [
              103.8487904,
              1.4543408
            ]
          ],
          [
            [
              103.8405244,
              1.4548668
            ],
            [
              103.8406688,
              1.4543743
            ],
            [
              103.8407581,
              1.4540228
            ],
            [
              103.8408044,
              1.4538103
            ],
            [
              103.8407776,
              1.453703
            ],
            [
              103.8406781,
              1.4536236
            ],
            [
              103.8403487,
              1.4534398
            ],
            [
              103.8401501,
              1.4532735
            ],
            [
              103.8399845,
              1.4530742
            ],
            [
              103.8398615,
              1.4529146
            ],
            [
              103.8397257,
              1.4527524
            ],
            [
              103.839389,
              1.4523664
            ],
            [
              103.8392442,
              1.4522269
            ],
            [
              103.8390448,
              1.4520738
            ],
            [
              103.8389054,
              1.4524889
            ],
            [
              103.8387447,
              1.4526876
            ],
            [
              103.8385453,
              1.4529784
            ],
            [
              103.8383258,
              1.4533232
            ],
            [
              103.8382832,
              1.4534241
            ]
          ],
          [
            [
              103.846597,
              1.4566107
            ],
            [
              103.8461109,
              1.4568578
            ],
            [
              103.8458102,
              1.4570104
            ],
            [
              103.8453374,
              1.4571834
            ],
            [
              103.8449458,
              1.4572048
            ],
            [
              103.8444576,
              1.4571619
            ],
            [
              103.844125,
              1.457119
            ],
            [
              103.8439454,
              1.4570414
            ],
            [
              103.8437503,
              1.4569407
            ],
            [
              103.8433158,
              1.4566994
            ],
            [
              103.8426399,
              1.4562811
            ],
            [
              103.8422054,
              1.4559813
            ],
            [
              103.8417534,
              1.4556984
            ],
            [
              103.8412129,
              1.4553534
            ],
            [
              103.8408659,
              1.4551237
            ],
            [
              103.8405244,
              1.4548668
            ],
            [
              103.8401635,
              1.4546421
            ],
            [
              103.839704,
              1.4543169
            ],
            [
              103.8393671,
              1.4540858
            ],
            [
              103.8391591,
              1.4539425
            ],
            [
              103.8389277,
              1.4538089
            ],
            [
              103.8385897,
              1.4536051
            ],
            [
              103.8382832,
              1.4534241
            ],
            [
              103.8376971,
              1.4531414
            ],
            [
              103.8369,
              1.452746
            ],
            [
              103.8359992,
              1.4522938
            ],
            [
              103.8354239,
              1.4518947
            ],
            [
              103.8345924,
              1.4514131
            ],
            [
              103.8342246,
              1.4511613
            ],
            [
              103.8340433,
              1.4509612
            ],
            [
              103.8339954,
              1.4506855
            ],
            [
              103.8340721,
              1.4504425
            ],
            [
              103.8343499,
              1.4500044
            ],
            [
              103.834671,
              1.4495292
            ],
            [
              103.8348766,
              1.4492381
            ],
            [
              103.8351136,
              1.4488484
            ],
            [
              103.8352684,
              1.448587
            ],
            [
              103.8354829,
              1.4482706
            ],
            [
              103.8357833,
              1.44804
            ],
            [
              103.8359121,
              1.4478791
            ],
            [
              103.8360089,
              1.4476702
            ],
            [
              103.8360672,
              1.4474431
            ],
            [
              103.836222,
              1.4469752
            ],
            [
              103.8364152,
              1.4465488
            ],
            [
              103.836595,
              1.44633
            ],
            [
              103.8368112,
              1.4461702
            ],
            [
              103.8369624,
              1.4461964
            ],
            [
              103.8372547,
              1.4464951
            ],
            [
              103.8377147,
              1.4469054
            ],
            [
              103.8378435,
              1.4469248
            ],
            [
              103.8379238,
              1.4468924
            ],
            [
              103.8384288,
              1.4464513
            ],
            [
              103.8389031,
              1.4468856
            ],
            [
              103.8395249,
              1.4473734
            ],
            [
              103.8396892,
              1.4475551
            ],
            [
              103.8397088,
              1.4476865
            ],
            [
              103.8395357,
              1.4482886
            ],
            [
              103.8393513,
              1.4486838
            ],
            [
              103.8393226,
              1.4487561
            ],
            [
              103.8393024,
              1.4488659
            ],
            [
              103.8392863,
              1.4490321
            ],
            [
              103.8393559,
              1.4494117
            ],
            [
              103.8393437,
              1.4496503
            ],
            [
              103.8393561,
              1.4497358
            ],
            [
              103.8393653,
              1.4500914
            ],
            [
              103.8394085,
              1.4503705
            ],
            [
              103.8394678,
              1.4506123
            ],
            [
              103.8394541,
              1.4509115
            ],
            [
              103.8393429,
              1.4513429
            ],
            [
              103.8392654,
              1.4515862
            ],
            [
              103.8391351,
              1.4518758
            ],
            [
              103.8390448,
              1.4520738
            ],
            [
              103.8389096,
              1.4519248
            ],
            [
              103.8386545,
              1.4518199
            ],
            [
              103.838451,
              1.4516904
            ],
            [
              103.8378763,
              1.451406
            ],
            [
              103.8370425,
              1.4509613
            ],
            [
              103.8364549,
              1.4506242
            ],
            [
              103.8358139,
              1.4502714
            ],
            [
              103.8354668,
              1.4500081
            ],
            [
              103.8354025,
              1.4498097
            ],
            [
              103.8355312,
              1.4494933
            ],
            [
              103.8356278,
              1.4491608
            ],
            [
              103.8356814,
              1.448839
            ],
            [
              103.8357833,
              1.4483939
            ],
            [
              103.8357833,
              1.44804
            ]
          ],
          [
            [
              103.8395357,
              1.4482886
            ],
            [
              103.8407077,
              1.4491217
            ],
            [
              103.8413097,
              1.449473
            ],
            [
              103.8418829,
              1.4498635
            ],
            [
              103.8421563,
              1.450051
            ],
            [
              103.8425591,
              1.4502814
            ],
            [
              103.8429979,
              1.4505245
            ],
            [
              103.8434124,
              1.4506825
            ],
            [
              103.8437503,
              1.4508809
            ],
            [
              103.8441032,
              1.4510231
            ]
          ],
          [
            [
              103.8413097,
              1.449473
            ],
            [
              103.8414934,
              1.4492714
            ],
            [
              103.8417444,
              1.4489194
            ],
            [
              103.8422475,
              1.448469
            ],
            [
              103.8426123,
              1.448099
            ],
            [
              103.843146,
              1.4476888
            ],
            [
              103.8433177,
              1.4475788
            ],
            [
              103.8435939,
              1.4474447
            ],
            [
              103.8438678,
              1.4473453
            ]
          ],
          [
            [
              103.8521565,
              1.4480378
            ],
            [
              103.8516596,
              1.4479891
            ],
            [
              103.8513302,
              1.4478402
            ],
            [
              103.8507182,
              1.4475761
            ],
            [
              103.8501904,
              1.4473036
            ],
            [
              103.849619,
              1.4470037
            ],
            [
              103.849307,
              1.4467637
            ],
            [
              103.8489947,
              1.4464945
            ],
            [
              103.8488218,
              1.4463501
            ],
            [
              103.8485899,
              1.4461566
            ],
            [
              103.8485238,
              1.4461845
            ],
            [
              103.8482576,
              1.4462289
            ],
            [
              103.8481116,
              1.4461134
            ],
            [
              103.84792,
              1.4458158
            ],
            [
              103.8477337,
              1.4455725
            ],
            [
              103.8477241,
              1.4454032
            ],
            [
              103.8476119,
              1.445091
            ],
            [
              103.847247,
              1.444393
            ],
            [
              103.8468831,
              1.4437109
            ],
            [
              103.8465413,
              1.4431008
            ],
            [
              103.8464532,
              1.4428382
            ],
            [
              103.8463413,
              1.4424024
            ],
            [
              103.8462549,
              1.4421707
            ],
            [
              103.8461528,
              1.4419775
            ],
            [
              103.845847,
              1.4415618
            ],
            [
              103.8458108,
              1.4415138
            ],
            [
              103.8456163,
              1.4412562
            ],
            [
              103.8452893,
              1.4409722
            ],
            [
              103.8447205,
              1.4419426
            ],
            [
              103.8445488,
              1.4422697
            ],
            [
              103.8442967,
              1.4425968
            ],
            [
              103.8439802,
              1.4426666
            ],
            [
              103.843138,
              1.4426719
            ],
            [
              103.842774,
              1.4426893
            ],
            [
              103.8427249,
              1.4421946
            ],
            [
              103.8427303,
              1.4418192
            ],
            [
              103.8428161,
              1.4414385
            ],
            [
              103.842918,
              1.4412293
            ],
            [
              103.8431862,
              1.4409773
            ],
            [
              103.843771,
              1.4404357
            ],
            [
              103.8441036,
              1.4401407
            ],
            [
              103.8441808,
              1.4400635
            ],
            [
              103.8442699,
              1.4399745
            ],
            [
              103.8446776,
              1.4394757
            ],
            [
              103.844978,
              1.4391647
            ],
            [
              103.8452515,
              1.4388698
            ],
            [
              103.8459331,
              1.4385857
            ],
            [
              103.8462987,
              1.4383804
            ],
            [
              103.8466239,
              1.4380605
            ],
            [
              103.8468234,
              1.4379558
            ],
            [
              103.8470113,
              1.4379208
            ],
            [
              103.8472373,
              1.4379307
            ],
            [
              103.8473973,
              1.437942
            ],
            [
              103.8475958,
              1.4379366
            ],
            [
              103.8482053,
              1.4380223
            ],
            [
              103.8486051,
              1.4381069
            ],
            [
              103.848872,
              1.4382596
            ],
            [
              103.8492111,
              1.4386135
            ],
            [
              103.8494446,
              1.4387789
            ],
            [
              103.8497381,
              1.4388842
            ],
            [
              103.8501063,
              1.4389019
            ],
            [
              103.8504436,
              1.4390291
            ],
            [
              103.8506781,
              1.4391685
            ],
            [
              103.8509217,
              1.4394275
            ],
            [
              103.8512009,
              1.4395562
            ],
            [
              103.8515345,
              1.4396595
            ],
            [
              103.8517479,
              1.4397439
            ],
            [
              103.8518074,
              1.4397848
            ],
            [
              103.8518337,
              1.4398029
            ],
            [
              103.8523004,
              1.4402104
            ],
            [
              103.8530415,
              1.4409116
            ],
            [
              103.8534511,
              1.4413644
            ],
            [
              103.853722,
              1.4416155
            ],
            [
              103.8543712,
              1.4422282
            ],
            [
              103.8549912,
              1.4428051
            ],
            [
              103.8554933,
              1.4433785
            ],
            [
              103.8555901,
              1.4436331
            ],
            [
              103.8556493,
              1.4439264
            ],
            [
              103.8556757,
              1.4442453
            ],
            [
              103.8557068,
              1.4445542
            ],
            [
              103.8556692,
              1.4450744
            ],
            [
              103.8555472,
              1.4455941
            ],
            [
              103.8552826,
              1.4462031
            ],
            [
              103.8546508,
              1.445915
            ],
            [
              103.8534325,
              1.4453803
            ],
            [
              103.8533092,
              1.4452328
            ],
            [
              103.8530764,
              1.4449926
            ],
            [
              103.8528183,
              1.444769
            ],
            [
              103.8524407,
              1.4445529
            ],
            [
              103.8521188,
              1.4443706
            ],
            [
              103.8514635,
              1.4440341
            ],
            [
              103.8509915,
              1.4437498
            ],
            [
              103.8503746,
              1.4432994
            ],
            [
              103.8499248,
              1.4430031
            ],
            [
              103.8497048,
              1.4427939
            ],
            [
              103.8494519,
              1.442495
            ],
            [
              103.849163,
              1.4423113
            ],
            [
              103.8487607,
              1.442145
            ],
            [
              103.8486848,
              1.441964
            ],
            [
              103.8485346,
              1.4415618
            ],
            [
              103.8484112,
              1.4411275
            ],
            [
              103.8482878,
              1.440854
            ],
            [
              103.8480303,
              1.4407413
            ],
            [
              103.8479453,
              1.4406542
            ],
            [
              103.8476502,
              1.4402413
            ],
            [
              103.8472694,
              1.4397425
            ],
            [
              103.8468984,
              1.4392398
            ],
            [
              103.8466465,
              1.4387734
            ],
            [
              103.8462987,
              1.4383804
            ]
          ],
          [
            [
              103.8552826,
              1.4462031
            ],
            [
              103.855204,
              1.446529
            ],
            [
              103.8550445,
              1.4472626
            ],
            [
              103.8549614,
              1.4474905
            ],
            [
              103.8548139,
              1.4476487
            ],
            [
              103.8546047,
              1.4477694
            ],
            [
              103.8543445,
              1.4478283
            ],
            [
              103.8541602,
              1.4478098
            ],
            [
              103.8539636,
              1.447705
            ],
            [
              103.8537088,
              1.4474879
            ],
            [
              103.8534153,
              1.4468323
            ],
            [
              103.8534027,
              1.4466697
            ],
            [
              103.8534063,
              1.4464701
            ],
            [
              103.8534696,
              1.4459536
            ],
            [
              103.8534781,
              1.4456324
            ],
            [
              103.8534325,
              1.4453803
            ]
          ],
          [
            [
              103.8546047,
              1.4477694
            ],
            [
              103.8545832,
              1.4470185
            ],
            [
              103.8545618,
              1.4463267
            ],
            [
              103.8546508,
              1.445915
            ],
            [
              103.8548042,
              1.4455565
            ],
            [
              103.8550617,
              1.4450095
            ],
            [
              103.8551754,
              1.4445808
            ],
            [
              103.8551976,
              1.4443497
            ],
            [
              103.8551265,
              1.4440776
            ],
            [
              103.8551139,
              1.443694
            ],
            [
              103.8546712,
              1.4431436
            ],
            [
              103.8542163,
              1.4426277
            ],
            [
              103.8537807,
              1.4421997
            ],
            [
              103.8533797,
              1.4417392
            ],
            [
              103.8532501,
              1.4415983
            ],
            [
              103.8534511,
              1.4413644
            ]
          ],
          [
            [
              103.8471835,
              1.43904
            ],
            [
              103.8474249,
              1.4392009
            ],
            [
              103.8474571,
              1.4392867
            ],
            [
              103.8473337,
              1.4396085
            ],
            [
              103.8472694,
              1.4397425
            ]
          ],
          [
            [
              103.8452893,
              1.4409722
            ],
            [
              103.8458794,
              1.4402911
            ],
            [
              103.8459233,
              1.4402381
            ],
            [
              103.8460082,
              1.4401356
            ],
            [
              103.8461911,
              1.4397747
            ],
            [
              103.8463352,
              1.4395615
            ],
            [
              103.8467214,
              1.4393202
            ],
            [
              103.8468984,
              1.4392398
            ],
            [
              103.8471835,
              1.43904
            ],
            [
              103.8473069,
              1.4388041
            ],
            [
              103.8473919,
              1.4384944
            ],
            [
              103.8474134,
              1.4382691
            ],
            [
              103.8473973,
              1.437942
            ]
          ],
          [
            [
              103.8479453,
              1.4406542
            ],
            [
              103.8476548,
              1.4407306
            ],
            [
              103.8473337,
              1.4407936
            ],
            [
              103.847172,
              1.4408915
            ]
          ],
          [
            [
              103.8509217,
              1.4394275
            ],
            [
              103.8506642,
              1.4396366
            ],
            [
              103.8503102,
              1.4399262
            ],
            [
              103.8500992,
              1.4400529
            ],
            [
              103.849973,
              1.4401287
            ],
            [
              103.8494465,
              1.4404142
            ],
            [
              103.8489323,
              1.4406435
            ],
            [
              103.8485407,
              1.4407561
            ],
            [
              103.8482878,
              1.440854
            ]
          ],
          [
            [
              103.8499248,
              1.4430031
            ],
            [
              103.8496404,
              1.4432337
            ],
            [
              103.849281,
              1.4433945
            ],
            [
              103.8489262,
              1.4436265
            ]
          ],
          [
            [
              103.8487017,
              1.4431854
            ],
            [
              103.8484273,
              1.4431867
            ],
            [
              103.8479721,
              1.4431371
            ],
            [
              103.8476667,
              1.4430916
            ],
            [
              103.847299,
              1.443003
            ],
            [
              103.8469498,
              1.4430234
            ],
            [
              103.8465413,
              1.4431008
            ]
          ],
          [
            [
              103.8487607,
              1.442145
            ],
            [
              103.8486856,
              1.4424453
            ],
            [
              103.848658,
              1.4428703
            ],
            [
              103.8486641,
              1.442987
            ],
            [
              103.8487017,
              1.4431854
            ],
            [
              103.8489262,
              1.4436265
            ],
            [
              103.8490611,
              1.4440381
            ],
            [
              103.8491407,
              1.4444094
            ],
            [
              103.8491544,
              1.4446161
            ],
            [
              103.849104,
              1.4448478
            ],
            [
              103.8489162,
              1.4453037
            ],
            [
              103.8487921,
              1.4456697
            ],
            [
              103.8487043,
              1.4459516
            ],
            [
              103.8485899,
              1.4461566
            ]
          ],
          [
            [
              103.8438734,
              1.4469909
            ],
            [
              103.8441818,
              1.4470235
            ],
            [
              103.8455508,
              1.4466028
            ],
            [
              103.8463417,
              1.4462313
            ],
            [
              103.8469026,
              1.4458845
            ],
            [
              103.8471437,
              1.4457389
            ],
            [
              103.8474397,
              1.4456404
            ],
            [
              103.8477337,
              1.4455725
            ]
          ],
          [
            [
              103.8468567,
              1.4568023
            ],
            [
              103.8467705,
              1.4567656
            ],
            [
              103.8465237,
              1.4569139
            ],
            [
              103.8462142,
              1.4570887
            ],
            [
              103.8460107,
              1.4571862
            ],
            [
              103.8456761,
              1.4574395
            ],
            [
              103.8455333,
              1.4575187
            ],
            [
              103.8452738,
              1.4576861
            ],
            [
              103.8450693,
              1.4578163
            ],
            [
              103.8447968,
              1.4579594
            ],
            [
              103.8446736,
              1.4579905
            ],
            [
              103.8445571,
              1.4579794
            ],
            [
              103.8444712,
              1.457945
            ],
            [
              103.8442814,
              1.4577532
            ],
            [
              103.8441225,
              1.4575455
            ],
            [
              103.8439574,
              1.457221
            ],
            [
              103.8439454,
              1.4570414
            ],
            [
              103.843991,
              1.4568752
            ],
            [
              103.844042,
              1.4567036
            ],
            [
              103.8441352,
              1.4563854
            ],
            [
              103.8442053,
              1.4560843
            ],
            [
              103.8442096,
              1.4558847
            ],
            [
              103.8441897,
              1.4556092
            ],
            [
              103.844144,
              1.4553239
            ],
            [
              103.8440901,
              1.4550607
            ],
            [
              103.8440614,
              1.454747
            ],
            [
              103.8440363,
              1.454462
            ],
            [
              103.8440097,
              1.454227
            ],
            [
              103.8439236,
              1.4539011
            ],
            [
              103.8438648,
              1.4536578
            ],
            [
              103.8438908,
              1.4534166
            ],
            [
              103.8439165,
              1.4533032
            ],
            [
              103.8439594,
              1.4531258
            ],
            [
              103.8440017,
              1.4529353
            ],
            [
              103.844058,
              1.4527007
            ],
            [
              103.8440872,
              1.4525104
            ],
            [
              103.8441344,
              1.452208
            ],
            [
              103.84416,
              1.451904
            ],
            [
              103.8441815,
              1.4515661
            ],
            [
              103.8441788,
              1.4513033
            ],
            [
              103.8441032,
              1.4510231
            ],
            [
              103.844084,
              1.4508533
            ],
            [
              103.8440966,
              1.4505692
            ],
            [
              103.8441566,
              1.4502817
            ],
            [
              103.8442561,
              1.4499688
            ],
            [
              103.8442876,
              1.449723
            ],
            [
              103.8442723,
              1.4496538
            ],
            [
              103.8443066,
              1.449342
            ],
            [
              103.8442934,
              1.4492407
            ],
            [
              103.8442324,
              1.4490188
            ],
            [
              103.8440822,
              1.4485549
            ],
            [
              103.8440286,
              1.4482922
            ],
            [
              103.8439669,
              1.447839
            ],
            [
              103.8439213,
              1.4475816
            ],
            [
              103.8438678,
              1.4473453
            ],
            [
              103.8438734,
              1.4469909
            ],
            [
              103.8437933,
              1.4463259
            ],
            [
              103.8437517,
              1.4460584
            ],
            [
              103.8437315,
              1.4459289
            ],
            [
              103.8431695,
              1.444197
            ],
            [
              103.8428377,
              1.4430126
            ],
            [
              103.842774,
              1.4426893
            ]
          ],
          [
            [
              103.8442967,
              1.4425968
            ],
            [
              103.8443816,
              1.4429184
            ],
            [
              103.84443,
              1.443274
            ],
            [
              103.8443955,
              1.443632
            ]
          ]
        ]
      },
      "id": "relation/2248436"
    },
    {
      "type": "Feature",
      "properties": {
        "@id": "relation/5993956",
        "name": "Faber Walk",
        "network": "lwn",
        "ref": "SRFW",
        "route": "hiking",
        "type": "route"
      },
      "geometry": {
        "type": "MultiLineString",
        "coordinates": [
          [
            [
              103.821647,
              1.2698989
            ],
            [
              103.8215709,
              1.2700031
            ],
            [
              103.8214348,
              1.2701993
            ],
            [
              103.8212831,
              1.2704109
            ],
            [
              103.8214022,
              1.2703719
            ]
          ],
          [
            [
              103.8200805,
              1.2711546
            ],
            [
              103.8200756,
              1.2711377
            ],
            [
              103.8200377,
              1.2709939
            ],
            [
              103.8200364,
              1.2709745
            ],
            [
              103.8200417,
              1.2709558
            ],
            [
              103.8200529,
              1.2709399
            ],
            [
              103.8200687,
              1.2709287
            ],
            [
              103.8200874,
              1.2709233
            ],
            [
              103.8202028,
              1.2708834
            ],
            [
              103.8203067,
              1.270822
            ],
            [
              103.820439,
              1.2707212
            ],
            [
              103.8205807,
              1.2706481
            ],
            [
              103.8207357,
              1.2706198
            ],
            [
              103.8208451,
              1.2705592
            ],
            [
              103.8210677,
              1.2704972
            ],
            [
              103.8211434,
              1.270493
            ]
          ],
          [
            [
              103.8191103,
              1.2718079
            ],
            [
              103.81919,
              1.2716744
            ],
            [
              103.8192719,
              1.2716016
            ],
            [
              103.8193261,
              1.2715495
            ],
            [
              103.8194573,
              1.2714413
            ],
            [
              103.8195423,
              1.2713889
            ],
            [
              103.8195948,
              1.2713608
            ],
            [
              103.8197655,
              1.2712879
            ],
            [
              103.8200715,
              1.2712238
            ],
            [
              103.8200977,
              1.2712174
            ],
            [
              103.8202516,
              1.2712091
            ],
            [
              103.8205587,
              1.2712281
            ],
            [
              103.8206579,
              1.2712123
            ],
            [
              103.8206891,
              1.2711923
            ],
            [
              103.8207113,
              1.2711798
            ],
            [
              103.820752,
              1.271161
            ],
            [
              103.8208041,
              1.2711239
            ],
            [
              103.8214692,
              1.2704059
            ],
            [
              103.821647,
              1.2701233
            ]
          ],
          [
            [
              103.8163392,
              1.2757334
            ],
            [
              103.8163825,
              1.2756592
            ],
            [
              103.816402,
              1.2756404
            ],
            [
              103.8164295,
              1.2756196
            ],
            [
              103.8164633,
              1.2756033
            ],
            [
              103.8164905,
              1.2755345
            ],
            [
              103.8164958,
              1.2754151
            ],
            [
              103.8164757,
              1.2753226
            ],
            [
              103.8164529,
              1.275218
            ],
            [
              103.8166395,
              1.2751929
            ],
            [
              103.8167818,
              1.2751447
            ],
            [
              103.8169238,
              1.2750719
            ],
            [
              103.8170519,
              1.274946
            ],
            [
              103.81717,
              1.2747141
            ],
            [
              103.8171918,
              1.2746723
            ],
            [
              103.8173232,
              1.2745039
            ],
            [
              103.8174364,
              1.2743929
            ],
            [
              103.8175603,
              1.2743501
            ],
            [
              103.8178282,
              1.2743206
            ],
            [
              103.8179123,
              1.2743171
            ],
            [
              103.8179835,
              1.2742981
            ],
            [
              103.8180394,
              1.2742487
            ],
            [
              103.8181119,
              1.2740985
            ],
            [
              103.8181387,
              1.2740418
            ],
            [
              103.8181829,
              1.2739993
            ],
            [
              103.8182527,
              1.2739604
            ],
            [
              103.8183855,
              1.2739041
            ],
            [
              103.818588,
              1.2738411
            ],
            [
              103.8186724,
              1.2738075
            ],
            [
              103.8187154,
              1.2737697
            ],
            [
              103.8187665,
              1.2736352
            ],
            [
              103.818832,
              1.2733503
            ],
            [
              103.8189138,
              1.2731935
            ],
            [
              103.8189936,
              1.2730479
            ],
            [
              103.8190472,
              1.2729529
            ],
            [
              103.8190892,
              1.2728436
            ],
            [
              103.8191063,
              1.2727731
            ],
            [
              103.8191159,
              1.2727279
            ],
            [
              103.8191335,
              1.2725779
            ],
            [
              103.8191048,
              1.2724692
            ],
            [
              103.8190482,
              1.2723746
            ],
            [
              103.8189828,
              1.2723157
            ],
            [
              103.818915,
              1.2722699
            ]
          ]
        ]
      },
      "id": "relation/5993956"
    },
    {
      "type": "Feature",
      "properties": {
        "@id": "relation/5993964",
        "name": "Marang Trail",
        "name:zh": "玛朗小径",
        "network": "lwn",
        "ref": "SRMT",
        "route": "hiking",
        "type": "route"
      },
      "geometry": {
        "type": "MultiLineString",
        "coordinates": [
          [
            [
              103.8210563,
              1.2658577
            ],
            [
              103.8212046,
              1.2658679
            ],
            [
              103.8214846,
              1.2658967
            ],
            [
              103.8215437,
              1.2659067
            ],
            [
              103.8217542,
              1.2659407
            ],
            [
              103.822226,
              1.2659681
            ],
            [
              103.8222305,
              1.2659457
            ]
          ],
          [
            [
              103.8215709,
              1.2700031
            ],
            [
              103.8215614,
              1.2699662
            ],
            [
              103.8215625,
              1.2699086
            ],
            [
              103.8215904,
              1.2698149
            ],
            [
              103.821586,
              1.2697633
            ],
            [
              103.8215544,
              1.2697141
            ],
            [
              103.8215363,
              1.2696448
            ],
            [
              103.8215378,
              1.2695731
            ],
            [
              103.821569,
              1.2692558
            ],
            [
              103.8215605,
              1.269226
            ],
            [
              103.8215434,
              1.2692
            ],
            [
              103.8215192,
              1.2691806
            ],
            [
              103.8213892,
              1.2691568
            ],
            [
              103.821355,
              1.2691532
            ],
            [
              103.8213231,
              1.2691404
            ],
            [
              103.821296,
              1.2691194
            ],
            [
              103.8212757,
              1.2690917
            ],
            [
              103.821254,
              1.2690452
            ],
            [
              103.8212221,
              1.269005
            ],
            [
              103.8211817,
              1.2689734
            ],
            [
              103.8211673,
              1.2689605
            ],
            [
              103.8211572,
              1.2689441
            ],
            [
              103.8211522,
              1.2689254
            ],
            [
              103.8211529,
              1.2689062
            ],
            [
              103.8211591,
              1.2688879
            ],
            [
              103.8211703,
              1.2688722
            ],
            [
              103.8211935,
              1.2688416
            ],
            [
              103.8212087,
              1.2688063
            ],
            [
              103.821215,
              1.2687683
            ],
            [
              103.8212192,
              1.2687126
            ],
            [
              103.8212004,
              1.2686238
            ],
            [
              103.821197,
              1.2685782
            ],
            [
              103.8212004,
              1.2685538
            ],
            [
              103.8212049,
              1.268521
            ],
            [
              103.8212266,
              1.2684675
            ],
            [
              103.8212429,
              1.2684334
            ],
            [
              103.8212474,
              1.2683959
            ],
            [
              103.8212398,
              1.2683589
            ],
            [
              103.8212208,
              1.2683263
            ],
            [
              103.821188,
              1.2682777
            ],
            [
              103.8211784,
              1.2682674
            ],
            [
              103.8211724,
              1.2682546
            ],
            [
              103.8211707,
              1.2682406
            ],
            [
              103.8211735,
              1.2682268
            ],
            [
              103.8211804,
              1.2682145
            ],
            [
              103.8211907,
              1.268205
            ],
            [
              103.8212036,
              1.2681991
            ],
            [
              103.8212176,
              1.2681975
            ],
            [
              103.8212525,
              1.2681687
            ],
            [
              103.821319,
              1.2681287
            ],
            [
              103.8213679,
              1.2680684
            ],
            [
              103.8213935,
              1.2679952
            ],
            [
              103.8213547,
              1.2678446
            ],
            [
              103.8213151,
              1.2677027
            ],
            [
              103.8212597,
              1.2673794
            ],
            [
              103.8212297,
              1.2672
            ],
            [
              103.821204,
              1.2670522
            ],
            [
              103.8212058,
              1.2669286
            ],
            [
              103.8211691,
              1.2667414
            ],
            [
              103.8212014,
              1.2666892
            ],
            [
              103.8212403,
              1.2666568
            ],
            [
              103.8212464,
              1.2666165
            ],
            [
              103.821313,
              1.2665272
            ],
            [
              103.8213319,
              1.2664544
            ],
            [
              103.8213181,
              1.2663938
            ],
            [
              103.8213064,
              1.2663197
            ],
            [
              103.8213131,
              1.2662712
            ],
            [
              103.8213381,
              1.2662167
            ],
            [
              103.8214406,
              1.2661021
            ],
            [
              103.8215152,
              1.2660135
            ],
            [
              103.8215403,
              1.2659206
            ],
            [
              103.8215437,
              1.2659067
            ],
            [
              103.8215456,
              1.26589
            ],
            [
              103.8215513,
              1.265829
            ]
          ]
        ]
      },
      "id": "relation/5993964"
    },
    {
      "type": "Feature",
      "properties": {
        "@id": "relation/5993965",
        "name": "Southern Ridges Walk",
        "name:zh": "南部山脊徒步",
        "network": "rwn",
        "ref": "SR",
        "route": "hiking",
        "type": "route",
        "wikidata": "Q7570434",
        "wikipedia": "en:Southern Ridges"
      },
      "geometry": {
        "type": "MultiLineString",
        "coordinates": [
          [
            [
              103.7725699,
              1.2969746
            ],
            [
              103.7725025,
              1.2969011
            ],
            [
              103.772429,
              1.2968255
            ],
            [
              103.7723501,
              1.2967224
            ],
            [
              103.7723171,
              1.2966731
            ],
            [
              103.7722844,
              1.2966245
            ],
            [
              103.772246,
              1.2965798
            ],
            [
              103.7722223,
              1.2965589
            ],
            [
              103.7721359,
              1.2964918
            ],
            [
              103.7720462,
              1.2964347
            ],
            [
              103.7719508,
              1.2963975
            ],
            [
              103.7717781,
              1.296373
            ],
            [
              103.7716068,
              1.2963649
            ],
            [
              103.7710675,
              1.2963935
            ],
            [
              103.771011,
              1.2963965
            ],
            [
              103.7709395,
              1.2964003
            ],
            [
              103.7709389,
              1.2964522
            ],
            [
              103.7709328,
              1.2965533
            ],
            [
              103.7709277,
              1.2966392
            ],
            [
              103.7708931,
              1.296708
            ],
            [
              103.7708363,
              1.2967484
            ],
            [
              103.7707236,
              1.2968176
            ],
            [
              103.7705925,
              1.2968981
            ],
            [
              103.7704583,
              1.2969805
            ],
            [
              103.7703814,
              1.2970074
            ],
            [
              103.7703253,
              1.297027
            ],
            [
              103.7702952,
              1.2970375
            ],
            [
              103.7702178,
              1.2970679
            ],
            [
              103.7701522,
              1.2971191
            ],
            [
              103.7701298,
              1.2971986
            ],
            [
              103.7701429,
              1.2972676
            ],
            [
              103.7701778,
              1.2974627
            ],
            [
              103.7701891,
              1.2975563
            ],
            [
              103.7702095,
              1.2977171
            ],
            [
              103.7702123,
              1.2977855
            ],
            [
              103.7701994,
              1.2978959
            ],
            [
              103.7701919,
              1.2979327
            ],
            [
              103.7701443,
              1.2979351
            ],
            [
              103.7700163,
              1.2979415
            ],
            [
              103.7700191,
              1.2979781
            ],
            [
              103.7699943,
              1.2979832
            ],
            [
              103.7695386,
              1.2980272
            ],
            [
              103.7695002,
              1.2980309
            ],
            [
              103.7694964,
              1.2979794
            ],
            [
              103.7694811,
              1.2979825
            ],
            [
              103.7694435,
              1.2979902
            ],
            [
              103.7694046,
              1.2979882
            ],
            [
              103.769361,
              1.2979748
            ],
            [
              103.7692174,
              1.2978857
            ],
            [
              103.7691456,
              1.2978292
            ],
            [
              103.7690458,
              1.297761
            ],
            [
              103.7689627,
              1.2976993
            ],
            [
              103.7689067,
              1.2976551
            ],
            [
              103.7687732,
              1.297458
            ],
            [
              103.7686876,
              1.2973783
            ],
            [
              103.7686448,
              1.2973601
            ],
            [
              103.7685912,
              1.2973453
            ],
            [
              103.7685268,
              1.2973406
            ],
            [
              103.7684219,
              1.2973474
            ],
            [
              103.7684012,
              1.2974171
            ],
            [
              103.7683824,
              1.2974633
            ],
            [
              103.7683328,
              1.2975123
            ],
            [
              103.7682602,
              1.2975552
            ],
            [
              103.7681169,
              1.2975947
            ],
            [
              103.7680753,
              1.2976135
            ],
            [
              103.7680378,
              1.2976497
            ],
            [
              103.7680074,
              1.2977539
            ],
            [
              103.7679768,
              1.2977778
            ],
            [
              103.7679601,
              1.2978292
            ],
            [
              103.7679668,
              1.2979338
            ],
            [
              103.7679565,
              1.2980331
            ],
            [
              103.7679461,
              1.2980734
            ],
            [
              103.7679147,
              1.2981499
            ],
            [
              103.767887,
              1.2982029
            ],
            [
              103.7678499,
              1.298264
            ],
            [
              103.7678286,
              1.298293
            ],
            [
              103.7677903,
              1.2983416
            ],
            [
              103.7677496,
              1.2983648
            ],
            [
              103.7676796,
              1.2984026
            ],
            [
              103.7676072,
              1.2984401
            ],
            [
              103.7675562,
              1.2984803
            ],
            [
              103.7675343,
              1.2985104
            ],
            [
              103.76752,
              1.2985487
            ],
            [
              103.7675066,
              1.2986198
            ],
            [
              103.7674343,
              1.2988359
            ],
            [
              103.7674184,
              1.2988809
            ],
            [
              103.7674047,
              1.2989348
            ],
            [
              103.7673378,
              1.2989272
            ],
            [
              103.7673185,
              1.2989255
            ],
            [
              103.7673005,
              1.298925
            ],
            [
              103.7672874,
              1.2989265
            ],
            [
              103.7672744,
              1.2989295
            ],
            [
              103.7672594,
              1.2989371
            ],
            [
              103.7672505,
              1.2989423
            ],
            [
              103.767241,
              1.2989495
            ],
            [
              103.7671794,
              1.2989033
            ],
            [
              103.7671604,
              1.29889
            ],
            [
              103.7671364,
              1.2988721
            ],
            [
              103.7671125,
              1.2989279
            ],
            [
              103.7670401,
              1.2990871
            ],
            [
              103.7670046,
              1.299183
            ],
            [
              103.7669688,
              1.2992797
            ],
            [
              103.7667494,
              1.2998087
            ],
            [
              103.7667249,
              1.2998554
            ],
            [
              103.766681,
              1.2999193
            ],
            [
              103.7666383,
              1.2999002
            ],
            [
              103.7665265,
              1.2998585
            ],
            [
              103.7664877,
              1.2998461
            ],
            [
              103.7664541,
              1.2998517
            ],
            [
              103.7664446,
              1.2998394
            ],
            [
              103.7664036,
              1.2998559
            ],
            [
              103.7656643,
              1.2996677
            ],
            [
              103.7650092,
              1.2995125
            ],
            [
              103.7649497,
              1.2994959
            ],
            [
              103.7649052,
              1.2994846
            ],
            [
              103.7647243,
              1.2994385
            ],
            [
              103.76468,
              1.2994272
            ],
            [
              103.7646337,
              1.2994154
            ],
            [
              103.7640322,
              1.2992372
            ],
            [
              103.7636514,
              1.2990809
            ],
            [
              103.7636095,
              1.2990722
            ],
            [
              103.7635234,
              1.2991241
            ],
            [
              103.7634465,
              1.2990946
            ],
            [
              103.7633312,
              1.2990443
            ],
            [
              103.763253,
              1.2990065
            ],
            [
              103.7631302,
              1.2989471
            ],
            [
              103.7629455,
              1.2988562
            ],
            [
              103.7628667,
              1.2988164
            ],
            [
              103.7628359,
              1.2988079
            ],
            [
              103.7628144,
              1.2988079
            ],
            [
              103.7627951,
              1.2988164
            ],
            [
              103.7627874,
              1.2988272
            ],
            [
              103.7627233,
              1.2987944
            ]
          ],
          [
            [
              103.8132217,
              1.2781385
            ],
            [
              103.8131709,
              1.2780594
            ],
            [
              103.8131391,
              1.2780075
            ],
            [
              103.8129634,
              1.278098
            ],
            [
              103.8128706,
              1.2781445
            ],
            [
              103.8127681,
              1.2781959
            ],
            [
              103.8126568,
              1.2782502
            ],
            [
              103.8124558,
              1.2783747
            ],
            [
              103.812319,
              1.278473
            ],
            [
              103.8122811,
              1.2785003
            ],
            [
              103.8122222,
              1.278545
            ],
            [
              103.8119802,
              1.2787287
            ],
            [
              103.8119675,
              1.2787383
            ],
            [
              103.8119003,
              1.2788091
            ],
            [
              103.8117854,
              1.2789226
            ],
            [
              103.8117673,
              1.2788983
            ],
            [
              103.811754,
              1.2788805
            ],
            [
              103.8113174,
              1.2790728
            ],
            [
              103.8112405,
              1.2789908
            ],
            [
              103.8110955,
              1.2789691
            ],
            [
              103.8110276,
              1.2789206
            ],
            [
              103.8109801,
              1.2789035
            ],
            [
              103.8109427,
              1.2789022
            ],
            [
              103.810813,
              1.2788842
            ],
            [
              103.8106418,
              1.2788767
            ],
            [
              103.8105159,
              1.2788817
            ],
            [
              103.8104742,
              1.2788833
            ],
            [
              103.8104671,
              1.2788198
            ],
            [
              103.8103663,
              1.2788323
            ],
            [
              103.8102533,
              1.2788375
            ],
            [
              103.8101759,
              1.2788471
            ],
            [
              103.8100406,
              1.2788174
            ],
            [
              103.8099358,
              1.2787821
            ],
            [
              103.8098117,
              1.278763
            ],
            [
              103.8096184,
              1.2787802
            ],
            [
              103.8096024,
              1.2788318
            ],
            [
              103.809583,
              1.2789166
            ],
            [
              103.8095613,
              1.279009
            ],
            [
              103.8095581,
              1.2790619
            ],
            [
              103.8096018,
              1.2791178
            ],
            [
              103.8095261,
              1.2790557
            ],
            [
              103.8094966,
              1.279034
            ],
            [
              103.8094499,
              1.2789601
            ],
            [
              103.809569,
              1.2786772
            ],
            [
              103.8096849,
              1.2784683
            ],
            [
              103.8096528,
              1.2784278
            ],
            [
              103.8095975,
              1.2784277
            ],
            [
              103.8094282,
              1.2787924
            ],
            [
              103.8093605,
              1.2787744
            ],
            [
              103.8093332,
              1.2784689
            ],
            [
              103.8095051,
              1.2783637
            ],
            [
              103.8095612,
              1.2783009
            ],
            [
              103.8095091,
              1.2782613
            ],
            [
              103.8092557,
              1.2784357
            ],
            [
              103.8092746,
              1.278757
            ],
            [
              103.809257,
              1.2787622
            ],
            [
              103.8091981,
              1.2787785
            ],
            [
              103.8090708,
              1.2786832
            ],
            [
              103.8089199,
              1.2785484
            ],
            [
              103.8086638,
              1.2786421
            ],
            [
              103.8085099,
              1.2785691
            ],
            [
              103.8084237,
              1.2785795
            ],
            [
              103.8083267,
              1.2785602
            ],
            [
              103.8081092,
              1.2785855
            ],
            [
              103.8080351,
              1.278608
            ],
            [
              103.8079696,
              1.2786645
            ],
            [
              103.8079568,
              1.2787359
            ],
            [
              103.8078588,
              1.2787806
            ],
            [
              103.8078241,
              1.2790619
            ],
            [
              103.8077615,
              1.2790756
            ],
            [
              103.8077423,
              1.2791603
            ],
            [
              103.8075763,
              1.2791905
            ],
            [
              103.8074165,
              1.2792058
            ],
            [
              103.8072361,
              1.2792131
            ],
            [
              103.8070888,
              1.2792224
            ],
            [
              103.8066508,
              1.27929
            ],
            [
              103.8065802,
              1.27946
            ],
            [
              103.8064364,
              1.2794918
            ],
            [
              103.8063949,
              1.2795914
            ],
            [
              103.8061167,
              1.2796128
            ],
            [
              103.806006,
              1.2796134
            ],
            [
              103.8057325,
              1.2796149
            ],
            [
              103.8052844,
              1.2797129
            ],
            [
              103.8049783,
              1.2798913
            ],
            [
              103.8048385,
              1.2800537
            ],
            [
              103.8046856,
              1.2802373
            ],
            [
              103.8045668,
              1.2802419
            ],
            [
              103.8044366,
              1.2802111
            ],
            [
              103.804214,
              1.2801709
            ],
            [
              103.8040108,
              1.2801421
            ],
            [
              103.8039028,
              1.2801199
            ],
            [
              103.8038292,
              1.2800856
            ],
            [
              103.8037793,
              1.2799972
            ],
            [
              103.8034804,
              1.2799519
            ],
            [
              103.8034129,
              1.2800347
            ],
            [
              103.8031835,
              1.2799124
            ],
            [
              103.8031039,
              1.2799918
            ],
            [
              103.8029057,
              1.2800013
            ],
            [
              103.8028662,
              1.2800114
            ],
            [
              103.8026838,
              1.2800582
            ],
            [
              103.8025131,
              1.2801417
            ],
            [
              103.802404,
              1.2802202
            ],
            [
              103.8023026,
              1.2802764
            ],
            [
              103.8023146,
              1.2801936
            ],
            [
              103.8023689,
              1.2800848
            ],
            [
              103.8022978,
              1.2801069
            ],
            [
              103.8022328,
              1.2801186
            ],
            [
              103.802252,
              1.2798765
            ],
            [
              103.8023389,
              1.2797926
            ],
            [
              103.8023299,
              1.2796454
            ],
            [
              103.8023062,
              1.2793985
            ],
            [
              103.8021849,
              1.2791898
            ],
            [
              103.8019949,
              1.279016
            ],
            [
              103.8018132,
              1.2789869
            ],
            [
              103.8017615,
              1.2789767
            ],
            [
              103.8016936,
              1.2789606
            ],
            [
              103.8015109,
              1.2790188
            ],
            [
              103.8013862,
              1.2790724
            ],
            [
              103.8013068,
              1.2790694
            ],
            [
              103.8012771,
              1.2790795
            ],
            [
              103.8012692,
              1.2790821
            ],
            [
              103.801133,
              1.2791269
            ],
            [
              103.8010509,
              1.279155
            ],
            [
              103.8010047,
              1.2790406
            ],
            [
              103.8006942,
              1.2791542
            ],
            [
              103.8006339,
              1.2791615
            ],
            [
              103.8005775,
              1.27912
            ],
            [
              103.8005292,
              1.2791153
            ],
            [
              103.800489,
              1.2791072
            ],
            [
              103.8004641,
              1.2790925
            ],
            [
              103.8004259,
              1.2790804
            ],
            [
              103.8003887,
              1.2790327
            ],
            [
              103.8003802,
              1.2790048
            ],
            [
              103.8003602,
              1.2789759
            ],
            [
              103.8003267,
              1.2789557
            ],
            [
              103.800269,
              1.2788967
            ],
            [
              103.8002016,
              1.2789646
            ],
            [
              103.800166,
              1.2789993
            ],
            [
              103.8001295,
              1.2790337
            ],
            [
              103.8000279,
              1.2790532
            ],
            [
              103.7998623,
              1.2790464
            ],
            [
              103.7997429,
              1.2790416
            ],
            [
              103.7996911,
              1.2790435
            ],
            [
              103.7996594,
              1.2790736
            ],
            [
              103.7996292,
              1.2791072
            ],
            [
              103.7995997,
              1.2791192
            ],
            [
              103.7995787,
              1.2791185
            ],
            [
              103.7995565,
              1.2791178
            ],
            [
              103.7995283,
              1.2791225
            ],
            [
              103.7994944,
              1.2791529
            ],
            [
              103.7994585,
              1.279185
            ],
            [
              103.7994199,
              1.2792011
            ],
            [
              103.7994017,
              1.2792087
            ],
            [
              103.7993713,
              1.2792366
            ],
            [
              103.7993244,
              1.2793445
            ],
            [
              103.7992978,
              1.2793621
            ],
            [
              103.7991167,
              1.2793605
            ],
            [
              103.7986751,
              1.2793584
            ],
            [
              103.7981932,
              1.2793522
            ],
            [
              103.798218,
              1.2793205
            ],
            [
              103.7981779,
              1.2792783
            ],
            [
              103.7981453,
              1.2791968
            ],
            [
              103.7980886,
              1.2790549
            ],
            [
              103.7980681,
              1.2790038
            ],
            [
              103.797982,
              1.278948
            ],
            [
              103.7978253,
              1.2789807
            ],
            [
              103.7972825,
              1.279182
            ],
            [
              103.7971499,
              1.2792349
            ],
            [
              103.7969956,
              1.2792966
            ],
            [
              103.7968489,
              1.2793551
            ],
            [
              103.796752,
              1.2793938
            ],
            [
              103.7965201,
              1.2794975
            ],
            [
              103.7963141,
              1.2795903
            ],
            [
              103.796296,
              1.2795985
            ],
            [
              103.7962699,
              1.2795849
            ],
            [
              103.7962096,
              1.2795533
            ],
            [
              103.7961492,
              1.2795217
            ],
            [
              103.7960811,
              1.2794861
            ],
            [
              103.7959622,
              1.2794629
            ],
            [
              103.7959095,
              1.2794389
            ],
            [
              103.7958342,
              1.2794631
            ],
            [
              103.7957586,
              1.2795206
            ],
            [
              103.7954519,
              1.2797991
            ],
            [
              103.7950129,
              1.2801936
            ],
            [
              103.7949148,
              1.2803456
            ],
            [
              103.7947258,
              1.2806202
            ],
            [
              103.7947126,
              1.2806256
            ],
            [
              103.7946985,
              1.2806272
            ],
            [
              103.7946845,
              1.2806247
            ],
            [
              103.7946716,
              1.2806186
            ],
            [
              103.7946598,
              1.2806076
            ],
            [
              103.7946518,
              1.2805936
            ],
            [
              103.7946485,
              1.2805778
            ],
            [
              103.7946502,
              1.2805618
            ],
            [
              103.7947169,
              1.2804507
            ],
            [
              103.794716,
              1.2804404
            ],
            [
              103.7947117,
              1.280431
            ],
            [
              103.7947046,
              1.2804234
            ],
            [
              103.7946954,
              1.2804187
            ],
            [
              103.7946852,
              1.2804172
            ],
            [
              103.794675,
              1.2804191
            ],
            [
              103.794666,
              1.2804243
            ],
            [
              103.7945918,
              1.2805223
            ],
            [
              103.7945822,
              1.2805315
            ],
            [
              103.79457,
              1.2805369
            ],
            [
              103.7945567,
              1.2805379
            ],
            [
              103.7945439,
              1.2805344
            ],
            [
              103.794533,
              1.2805267
            ],
            [
              103.7945254,
              1.2805157
            ],
            [
              103.7945219,
              1.2805029
            ],
            [
              103.794523,
              1.2804896
            ],
            [
              103.7945332,
              1.2804702
            ],
            [
              103.7945831,
              1.2803751
            ],
            [
              103.7945847,
              1.2803657
            ],
            [
              103.7945834,
              1.2803563
            ],
            [
              103.7945792,
              1.2803477
            ],
            [
              103.7945725,
              1.2803409
            ],
            [
              103.7945641,
              1.2803364
            ],
            [
              103.7945547,
              1.2803348
            ],
            [
              103.7945452,
              1.2803362
            ],
            [
              103.7945367,
              1.2803405
            ],
            [
              103.7945299,
              1.2803472
            ],
            [
              103.7944641,
              1.2804471
            ],
            [
              103.7944429,
              1.2804793
            ],
            [
              103.7944328,
              1.2804833
            ],
            [
              103.7944219,
              1.2804838
            ],
            [
              103.7944115,
              1.2804807
            ],
            [
              103.7944026,
              1.2804744
            ],
            [
              103.7943963,
              1.2804656
            ],
            [
              103.7943931,
              1.2804552
            ],
            [
              103.7944548,
              1.2803197
            ],
            [
              103.7944563,
              1.2803142
            ],
            [
              103.794456,
              1.2803084
            ],
            [
              103.794454,
              1.2803031
            ],
            [
              103.7944503,
              1.2802987
            ],
            [
              103.7944454,
              1.2802957
            ],
            [
              103.7944398,
              1.2802945
            ],
            [
              103.7944341,
              1.280295
            ],
            [
              103.7944289,
              1.2802974
            ],
            [
              103.7944247,
              1.2803012
            ],
            [
              103.7944219,
              1.2803063
            ],
            [
              103.794385,
              1.2803559
            ],
            [
              103.7943079,
              1.2804146
            ],
            [
              103.7942161,
              1.2804457
            ],
            [
              103.794149,
              1.2804799
            ],
            [
              103.7940706,
              1.2805225
            ],
            [
              103.7940226,
              1.2805434
            ],
            [
              103.7940148,
              1.2805448
            ],
            [
              103.794007,
              1.2805435
            ],
            [
              103.794,
              1.2805397
            ],
            [
              103.7939947,
              1.2805338
            ],
            [
              103.7939916,
              1.2805265
            ],
            [
              103.7939911,
              1.2805186
            ],
            [
              103.7939933,
              1.280511
            ],
            [
              103.7939979,
              1.2805045
            ],
            [
              103.7940044,
              1.2804999
            ],
            [
              103.7940519,
              1.2804797
            ],
            [
              103.7941011,
              1.2804461
            ],
            [
              103.7941686,
              1.2803839
            ],
            [
              103.7941691,
              1.2803754
            ],
            [
              103.7941669,
              1.2803671
            ],
            [
              103.7941623,
              1.2803599
            ],
            [
              103.7941556,
              1.2803545
            ],
            [
              103.7941476,
              1.2803515
            ],
            [
              103.7941391,
              1.2803511
            ],
            [
              103.7940928,
              1.2803907
            ],
            [
              103.7940361,
              1.2804273
            ],
            [
              103.793974,
              1.2804537
            ],
            [
              103.7939496,
              1.2804647
            ],
            [
              103.793923,
              1.2804682
            ],
            [
              103.7938966,
              1.2804637
            ],
            [
              103.7938726,
              1.2804517
            ],
            [
              103.793965,
              1.2803394
            ],
            [
              103.7939773,
              1.2803245
            ],
            [
              103.7940046,
              1.2802914
            ],
            [
              103.7940325,
              1.2802154
            ],
            [
              103.794014,
              1.2801297
            ],
            [
              103.7939948,
              1.2800636
            ],
            [
              103.7939626,
              1.2800014
            ],
            [
              103.7939311,
              1.2799347
            ],
            [
              103.7939867,
              1.2799076
            ],
            [
              103.7940165,
              1.2799386
            ],
            [
              103.7940709,
              1.2799629
            ],
            [
              103.7941153,
              1.2799842
            ],
            [
              103.7941638,
              1.2799925
            ],
            [
              103.7941979,
              1.2800297
            ],
            [
              103.7942204,
              1.2800886
            ],
            [
              103.7942201,
              1.2801521
            ],
            [
              103.7941623,
              1.2802347
            ],
            [
              103.7941126,
              1.2803013
            ],
            [
              103.7940678,
              1.2803807
            ],
            [
              103.7939767,
              1.2804734
            ],
            [
              103.7938754,
              1.2805284
            ],
            [
              103.7938135,
              1.2806057
            ],
            [
              103.7937392,
              1.2806951
            ],
            [
              103.7936617,
              1.2807595
            ],
            [
              103.793597,
              1.2808291
            ],
            [
              103.7935265,
              1.2808617
            ],
            [
              103.7934833,
              1.2809277
            ],
            [
              103.793433,
              1.2809987
            ],
            [
              103.7933702,
              1.2811383
            ],
            [
              103.793358,
              1.2811727
            ],
            [
              103.7933375,
              1.2812018
            ],
            [
              103.7931963,
              1.2814052
            ],
            [
              103.7931465,
              1.2814928
            ],
            [
              103.7930703,
              1.2815291
            ],
            [
              103.7930107,
              1.2815327
            ],
            [
              103.7929118,
              1.2815024
            ],
            [
              103.7928544,
              1.281577
            ],
            [
              103.7927549,
              1.2816524
            ],
            [
              103.7926715,
              1.2817227
            ],
            [
              103.7924856,
              1.2818944
            ],
            [
              103.7923456,
              1.2820612
            ],
            [
              103.7922688,
              1.2821922
            ],
            [
              103.7921855,
              1.2823653
            ],
            [
              103.7920807,
              1.282505
            ],
            [
              103.7919255,
              1.2826194
            ],
            [
              103.7917991,
              1.2828667
            ],
            [
              103.7915825,
              1.2830879
            ],
            [
              103.7914876,
              1.2832327
            ],
            [
              103.7914319,
              1.2833563
            ],
            [
              103.7911258,
              1.2835596
            ],
            [
              103.7911032,
              1.2835855
            ],
            [
              103.7910463,
              1.2836107
            ],
            [
              103.7910138,
              1.2836
            ],
            [
              103.79064,
              1.2833144
            ],
            [
              103.7905753,
              1.2834018
            ],
            [
              103.7905397,
              1.283376
            ],
            [
              103.7904993,
              1.2834511
            ],
            [
              103.7904836,
              1.2835306
            ],
            [
              103.790447,
              1.2837704
            ],
            [
              103.7904317,
              1.2837953
            ],
            [
              103.7903849,
              1.2838712
            ],
            [
              103.7903119,
              1.2838114
            ],
            [
              103.7901859,
              1.2839936
            ],
            [
              103.7901119,
              1.2841276
            ],
            [
              103.7899292,
              1.2843968
            ],
            [
              103.7897889,
              1.2846276
            ],
            [
              103.7897907,
              1.2846874
            ],
            [
              103.7898608,
              1.2847393
            ],
            [
              103.78977,
              1.2848247
            ],
            [
              103.7896512,
              1.2849586
            ],
            [
              103.7892463,
              1.2856133
            ],
            [
              103.7892255,
              1.285648
            ],
            [
              103.7891941,
              1.2856735
            ],
            [
              103.7891559,
              1.2856868
            ],
            [
              103.7891154,
              1.2856862
            ],
            [
              103.7890587,
              1.2856763
            ],
            [
              103.7890265,
              1.2856469
            ],
            [
              103.78901,
              1.2856186
            ],
            [
              103.7890026,
              1.2856305
            ],
            [
              103.7889183,
              1.2857675
            ],
            [
              103.7888758,
              1.2858289
            ],
            [
              103.7888189,
              1.2859002
            ],
            [
              103.7887346,
              1.2859956
            ],
            [
              103.7887074,
              1.2860264
            ],
            [
              103.7886825,
              1.2860579
            ],
            [
              103.7886526,
              1.2860911
            ],
            [
              103.7885887,
              1.2861618
            ],
            [
              103.788553,
              1.2862047
            ],
            [
              103.788521,
              1.2862432
            ],
            [
              103.7884464,
              1.2863057
            ],
            [
              103.7884247,
              1.2863615
            ],
            [
              103.7883417,
              1.2865089
            ],
            [
              103.7882561,
              1.2866299
            ],
            [
              103.7882524,
              1.2866369
            ],
            [
              103.7881473,
              1.2868364
            ],
            [
              103.7881534,
              1.2869452
            ],
            [
              103.7881645,
              1.2872306
            ],
            [
              103.7881697,
              1.2875252
            ],
            [
              103.7881194,
              1.2877631
            ],
            [
              103.787984,
              1.2881187
            ],
            [
              103.7879734,
              1.2881595
            ],
            [
              103.7879749,
              1.2882017
            ],
            [
              103.7879886,
              1.2882417
            ],
            [
              103.7880131,
              1.288276
            ],
            [
              103.7880351,
              1.2882952
            ],
            [
              103.7880616,
              1.2883074
            ],
            [
              103.7880904,
              1.2883118
            ],
            [
              103.7881194,
              1.288308
            ],
            [
              103.7881524,
              1.2883354
            ],
            [
              103.7881926,
              1.2883506
            ],
            [
              103.7882355,
              1.2883519
            ],
            [
              103.7882766,
              1.2883393
            ],
            [
              103.7884868,
              1.2882473
            ],
            [
              103.7885379,
              1.2882448
            ],
            [
              103.7885923,
              1.2882662
            ],
            [
              103.788632,
              1.2882822
            ],
            [
              103.7886675,
              1.2883191
            ],
            [
              103.7885444,
              1.2884232
            ],
            [
              103.7885367,
              1.2884435
            ],
            [
              103.7885371,
              1.2884627
            ],
            [
              103.7885414,
              1.2884837
            ],
            [
              103.788519,
              1.288509
            ],
            [
              103.7883379,
              1.2886297
            ],
            [
              103.7881461,
              1.2887584
            ],
            [
              103.7880127,
              1.2888449
            ],
            [
              103.7878103,
              1.2889764
            ],
            [
              103.787704,
              1.2890629
            ],
            [
              103.787713,
              1.2890697
            ],
            [
              103.7877222,
              1.2890766
            ],
            [
              103.7877339,
              1.2890854
            ],
            [
              103.7877218,
              1.2891024
            ],
            [
              103.7877162,
              1.2891225
            ],
            [
              103.7877177,
              1.2891433
            ],
            [
              103.7877254,
              1.2891631
            ],
            [
              103.7877386,
              1.2891798
            ],
            [
              103.7877561,
              1.2891918
            ],
            [
              103.7877764,
              1.2891982
            ],
            [
              103.7877977,
              1.2891983
            ],
            [
              103.7879875,
              1.2892144
            ],
            [
              103.7880953,
              1.2892049
            ],
            [
              103.7881455,
              1.2892507
            ],
            [
              103.7875333,
              1.2907991
            ],
            [
              103.7875327,
              1.2908241
            ],
            [
              103.7875317,
              1.2908681
            ],
            [
              103.7867627,
              1.2907542
            ],
            [
              103.7865509,
              1.2907257
            ],
            [
              103.7862175,
              1.2906789
            ],
            [
              103.7861092,
              1.2906696
            ],
            [
              103.7859853,
              1.29067
            ],
            [
              103.7859332,
              1.2906717
            ],
            [
              103.7858132,
              1.290696
            ],
            [
              103.7856911,
              1.2907432
            ],
            [
              103.7855807,
              1.2908004
            ],
            [
              103.7854895,
              1.2908705
            ],
            [
              103.7852338,
              1.2910953
            ],
            [
              103.7850619,
              1.2912647
            ],
            [
              103.7849781,
              1.2913459
            ],
            [
              103.7849412,
              1.2913824
            ],
            [
              103.7847471,
              1.2915667
            ],
            [
              103.7847145,
              1.2915977
            ],
            [
              103.7844672,
              1.2918272
            ],
            [
              103.7844004,
              1.291887
            ],
            [
              103.7842734,
              1.2918965
            ],
            [
              103.7841904,
              1.291906
            ],
            [
              103.7841317,
              1.2919028
            ],
            [
              103.7840353,
              1.2918909
            ],
            [
              103.7839829,
              1.2918774
            ],
            [
              103.7836723,
              1.2915948
            ],
            [
              103.7835979,
              1.2915262
            ],
            [
              103.7835284,
              1.2916004
            ],
            [
              103.7834792,
              1.2916445
            ],
            [
              103.7832791,
              1.2918209
            ],
            [
              103.7831786,
              1.2919561
            ],
            [
              103.783127,
              1.2920273
            ],
            [
              103.7830702,
              1.2921365
            ],
            [
              103.7830616,
              1.2921481
            ],
            [
              103.7829995,
              1.2922324
            ],
            [
              103.7828973,
              1.2923222
            ],
            [
              103.7828302,
              1.2923587
            ],
            [
              103.782746,
              1.2924045
            ],
            [
              103.7826443,
              1.2924329
            ],
            [
              103.7825786,
              1.2924453
            ],
            [
              103.7823907,
              1.2924537
            ],
            [
              103.7823174,
              1.2924668
            ],
            [
              103.782246,
              1.2924875
            ],
            [
              103.7819058,
              1.2926191
            ],
            [
              103.7814932,
              1.2927521
            ],
            [
              103.7814172,
              1.2927832
            ],
            [
              103.7813947,
              1.2927989
            ],
            [
              103.7813521,
              1.2928286
            ],
            [
              103.7812895,
              1.2928996
            ],
            [
              103.7812611,
              1.2929605
            ],
            [
              103.7812525,
              1.2929789
            ],
            [
              103.781163,
              1.2932306
            ],
            [
              103.7811118,
              1.2933744
            ],
            [
              103.7811002,
              1.2934025
            ],
            [
              103.7810766,
              1.2934599
            ],
            [
              103.781036,
              1.2935302
            ],
            [
              103.7809843,
              1.2935927
            ],
            [
              103.7809262,
              1.2936545
            ],
            [
              103.7807774,
              1.2937728
            ],
            [
              103.7806185,
              1.293892
            ],
            [
              103.7805,
              1.2940021
            ],
            [
              103.7803652,
              1.2941452
            ],
            [
              103.7800978,
              1.2944799
            ],
            [
              103.7800058,
              1.2945913
            ],
            [
              103.7799608,
              1.2946323
            ],
            [
              103.7799066,
              1.2946721
            ],
            [
              103.7798142,
              1.2947159
            ],
            [
              103.7797093,
              1.2947499
            ],
            [
              103.7792888,
              1.294818
            ],
            [
              103.779039,
              1.2948504
            ],
            [
              103.7786267,
              1.294838
            ],
            [
              103.7782936,
              1.2948218
            ],
            [
              103.7780657,
              1.294815
            ],
            [
              103.7779193,
              1.2948776
            ],
            [
              103.7777133,
              1.2950065
            ],
            [
              103.7775783,
              1.2950936
            ],
            [
              103.7774532,
              1.295154
            ],
            [
              103.7773763,
              1.2951743
            ],
            [
              103.777292,
              1.2951939
            ],
            [
              103.7771887,
              1.2952044
            ],
            [
              103.7770347,
              1.2951945
            ],
            [
              103.776915,
              1.2951671
            ],
            [
              103.7767858,
              1.2951586
            ],
            [
              103.7766845,
              1.2951576
            ],
            [
              103.7765859,
              1.2951834
            ],
            [
              103.7764864,
              1.2952301
            ],
            [
              103.7764134,
              1.2952882
            ],
            [
              103.7761328,
              1.2957405
            ],
            [
              103.7760409,
              1.2958762
            ],
            [
              103.7759374,
              1.2960064
            ],
            [
              103.7756698,
              1.2962971
            ],
            [
              103.7756186,
              1.2963661
            ],
            [
              103.775552,
              1.2964624
            ],
            [
              103.7755144,
              1.2965129
            ],
            [
              103.7754355,
              1.2966249
            ],
            [
              103.7752751,
              1.2968197
            ],
            [
              103.77522,
              1.2968581
            ],
            [
              103.7751622,
              1.296889
            ],
            [
              103.7751119,
              1.296902
            ],
            [
              103.7749113,
              1.2969583
            ],
            [
              103.7747377,
              1.2970752
            ],
            [
              103.774539,
              1.2972482
            ],
            [
              103.7744707,
              1.2972667
            ],
            [
              103.7743966,
              1.297271
            ],
            [
              103.7741699,
              1.2972228
            ],
            [
              103.7740454,
              1.2972101
            ],
            [
              103.7739766,
              1.297221
            ],
            [
              103.773909,
              1.2972459
            ],
            [
              103.7738215,
              1.297283
            ],
            [
              103.773597,
              1.297378
            ],
            [
              103.7735599,
              1.2973236
            ],
            [
              103.7733724,
              1.2973692
            ],
            [
              103.7733257,
              1.2973435
            ],
            [
              103.7731476,
              1.2973219
            ],
            [
              103.7731177,
              1.29727
            ],
            [
              103.7730169,
              1.29727
            ],
            [
              103.7730012,
              1.2971775
            ],
            [
              103.7728826,
              1.2971131
            ],
            [
              103.7727973,
              1.296924
            ],
            [
              103.7727374,
              1.296821
            ],
            [
              103.7727008,
              1.2968477
            ],
            [
              103.7725699,
              1.2969746
            ],
            [
              103.7725463,
              1.2969975
            ]
          ],
          [
            [
              103.8211434,
              1.270493
            ],
            [
              103.8210677,
              1.2704972
            ],
            [
              103.8208451,
              1.2705592
            ],
            [
              103.8207357,
              1.2706198
            ],
            [
              103.8205807,
              1.2706481
            ],
            [
              103.820439,
              1.2707212
            ],
            [
              103.8203067,
              1.270822
            ],
            [
              103.8202028,
              1.2708834
            ],
            [
              103.8200874,
              1.2709233
            ],
            [
              103.8200687,
              1.2709287
            ],
            [
              103.8200529,
              1.2709399
            ],
            [
              103.8200417,
              1.2709558
            ],
            [
              103.8200364,
              1.2709745
            ],
            [
              103.8200377,
              1.2709939
            ],
            [
              103.8200756,
              1.2711377
            ],
            [
              103.8200805,
              1.2711546
            ],
            [
              103.8200977,
              1.2712174
            ],
            [
              103.8200715,
              1.2712238
            ],
            [
              103.8197655,
              1.2712879
            ],
            [
              103.8195948,
              1.2713608
            ],
            [
              103.8195423,
              1.2713889
            ],
            [
              103.8194573,
              1.2714413
            ],
            [
              103.8193261,
              1.2715495
            ],
            [
              103.8192719,
              1.2716016
            ],
            [
              103.81919,
              1.2716744
            ],
            [
              103.8191103,
              1.2718079
            ],
            [
              103.8190976,
              1.2718891
            ],
            [
              103.8190364,
              1.2721792
            ],
            [
              103.8190242,
              1.272237
            ],
            [
              103.8189828,
              1.2723157
            ],
            [
              103.818915,
              1.2722699
            ],
            [
              103.8189024,
              1.2723555
            ],
            [
              103.8188372,
              1.272483
            ],
            [
              103.8187886,
              1.2726308
            ],
            [
              103.8187981,
              1.2726331
            ],
            [
              103.8188441,
              1.2726444
            ],
            [
              103.8188553,
              1.2727091
            ],
            [
              103.8188571,
              1.2727195
            ],
            [
              103.8187765,
              1.2729083
            ],
            [
              103.8187475,
              1.2729836
            ],
            [
              103.8186812,
              1.2729984
            ],
            [
              103.8186082,
              1.2729786
            ],
            [
              103.8185766,
              1.2730085
            ],
            [
              103.8183032,
              1.2732686
            ],
            [
              103.8182291,
              1.2733401
            ],
            [
              103.818082,
              1.2734315
            ],
            [
              103.8180529,
              1.2734496
            ],
            [
              103.8180173,
              1.2734745
            ],
            [
              103.8179894,
              1.2735077
            ],
            [
              103.8179641,
              1.273526
            ],
            [
              103.8179347,
              1.2735365
            ],
            [
              103.8179036,
              1.2735383
            ],
            [
              103.8178675,
              1.2735309
            ],
            [
              103.8178355,
              1.2735333
            ],
            [
              103.8177376,
              1.2735618
            ],
            [
              103.8176894,
              1.2736426
            ],
            [
              103.8176954,
              1.2736802
            ],
            [
              103.8176934,
              1.2737169
            ],
            [
              103.8176802,
              1.2737512
            ],
            [
              103.8176726,
              1.2737607
            ],
            [
              103.8176572,
              1.2737799
            ],
            [
              103.8176143,
              1.2738035
            ],
            [
              103.8175687,
              1.2737982
            ],
            [
              103.8175178,
              1.273776
            ],
            [
              103.8174638,
              1.2737271
            ],
            [
              103.8173781,
              1.2737718
            ],
            [
              103.8173394,
              1.2738089
            ],
            [
              103.8173128,
              1.2738554
            ],
            [
              103.8172569,
              1.2740058
            ],
            [
              103.8171824,
              1.2740833
            ],
            [
              103.8170859,
              1.2741307
            ],
            [
              103.8170025,
              1.2741858
            ],
            [
              103.8169345,
              1.274262
            ],
            [
              103.8168601,
              1.2743115
            ],
            [
              103.8168073,
              1.2743791
            ],
            [
              103.816752,
              1.274435
            ],
            [
              103.8167189,
              1.2744615
            ],
            [
              103.8166793,
              1.2744769
            ],
            [
              103.816637,
              1.2744796
            ],
            [
              103.8165515,
              1.2744753
            ],
            [
              103.816465,
              1.2745135
            ],
            [
              103.8163208,
              1.2745887
            ],
            [
              103.8163109,
              1.2748025
            ],
            [
              103.816289,
              1.2749568
            ],
            [
              103.8161581,
              1.2751
            ],
            [
              103.8161261,
              1.2752167
            ],
            [
              103.8161248,
              1.275247
            ],
            [
              103.8164529,
              1.275218
            ],
            [
              103.8164757,
              1.2753226
            ],
            [
              103.8164958,
              1.2754151
            ],
            [
              103.8164905,
              1.2755345
            ],
            [
              103.8164633,
              1.2756033
            ],
            [
              103.8164295,
              1.2756196
            ],
            [
              103.816402,
              1.2756404
            ],
            [
              103.8163825,
              1.2756592
            ],
            [
              103.8163392,
              1.2757334
            ],
            [
              103.8156469,
              1.2759729
            ],
            [
              103.8152767,
              1.2761445
            ],
            [
              103.8150273,
              1.2763255
            ],
            [
              103.8148558,
              1.2764868
            ],
            [
              103.8145821,
              1.2767613
            ],
            [
              103.8145537,
              1.2767919
            ],
            [
              103.8143662,
              1.2769986
            ],
            [
              103.8143418,
              1.2770224
            ],
            [
              103.8143252,
              1.2770522
            ],
            [
              103.8143236,
              1.27708
            ],
            [
              103.8143487,
              1.2771414
            ],
            [
              103.8143917,
              1.2771887
            ],
            [
              103.8144533,
              1.2772051
            ],
            [
              103.8145038,
              1.2772223
            ],
            [
              103.8145108,
              1.2772478
            ],
            [
              103.8145033,
              1.27727
            ],
            [
              103.8144763,
              1.2772854
            ],
            [
              103.8143729,
              1.2773365
            ],
            [
              103.8142325,
              1.2773934
            ],
            [
              103.8142138,
              1.2774073
            ],
            [
              103.8140416,
              1.2775349
            ],
            [
              103.8137721,
              1.2777025
            ],
            [
              103.8136929,
              1.2778117
            ],
            [
              103.8135548,
              1.2780182
            ],
            [
              103.8135321,
              1.2780473
            ],
            [
              103.8134526,
              1.2781493
            ],
            [
              103.8132217,
              1.2781385
            ],
            [
              103.8131769,
              1.2781377
            ],
            [
              103.8130764,
              1.278136
            ],
            [
              103.8130521,
              1.2781355
            ],
            [
              103.8129775,
              1.2781496
            ],
            [
              103.8129029,
              1.2781637
            ],
            [
              103.8128706,
              1.2781445
            ]
          ],
          [
            [
              103.8215513,
              1.265829
            ],
            [
              103.8215456,
              1.26589
            ],
            [
              103.8215437,
              1.2659067
            ],
            [
              103.8215403,
              1.2659206
            ],
            [
              103.8215152,
              1.2660135
            ],
            [
              103.8214406,
              1.2661021
            ],
            [
              103.8213381,
              1.2662167
            ],
            [
              103.8213131,
              1.2662712
            ],
            [
              103.8213064,
              1.2663197
            ],
            [
              103.8213181,
              1.2663938
            ],
            [
              103.8213319,
              1.2664544
            ],
            [
              103.821313,
              1.2665272
            ],
            [
              103.8212464,
              1.2666165
            ],
            [
              103.8212403,
              1.2666568
            ],
            [
              103.8212014,
              1.2666892
            ],
            [
              103.8211691,
              1.2667414
            ],
            [
              103.8212058,
              1.2669286
            ],
            [
              103.821204,
              1.2670522
            ],
            [
              103.8212297,
              1.2672
            ],
            [
              103.8212597,
              1.2673794
            ],
            [
              103.8213151,
              1.2677027
            ],
            [
              103.8213547,
              1.2678446
            ],
            [
              103.8213935,
              1.2679952
            ],
            [
              103.8213679,
              1.2680684
            ],
            [
              103.821319,
              1.2681287
            ],
            [
              103.8212525,
              1.2681687
            ],
            [
              103.8212176,
              1.2681975
            ],
            [
              103.8212036,
              1.2681991
            ],
            [
              103.8211907,
              1.268205
            ],
            [
              103.8211804,
              1.2682145
            ],
            [
              103.8211735,
              1.2682268
            ],
            [
              103.8211707,
              1.2682406
            ],
            [
              103.8211724,
              1.2682546
            ],
            [
              103.8211784,
              1.2682674
            ],
            [
              103.821188,
              1.2682777
            ],
            [
              103.8212208,
              1.2683263
            ],
            [
              103.8212398,
              1.2683589
            ],
            [
              103.8212474,
              1.2683959
            ],
            [
              103.8212429,
              1.2684334
            ],
            [
              103.8212266,
              1.2684675
            ],
            [
              103.8212049,
              1.268521
            ],
            [
              103.8212004,
              1.2685538
            ],
            [
              103.821197,
              1.2685782
            ],
            [
              103.8212004,
              1.2686238
            ],
            [
              103.8212192,
              1.2687126
            ],
            [
              103.821215,
              1.2687683
            ],
            [
              103.8212087,
              1.2688063
            ],
            [
              103.8211935,
              1.2688416
            ],
            [
              103.8211703,
              1.2688722
            ],
            [
              103.8211591,
              1.2688879
            ],
            [
              103.8211529,
              1.2689062
            ],
            [
              103.8211522,
              1.2689254
            ],
            [
              103.8211572,
              1.2689441
            ],
            [
              103.8211673,
              1.2689605
            ],
            [
              103.8211817,
              1.2689734
            ],
            [
              103.8212221,
              1.269005
            ],
            [
              103.821254,
              1.2690452
            ],
            [
              103.8212757,
              1.2690917
            ],
            [
              103.821296,
              1.2691194
            ],
            [
              103.8213231,
              1.2691404
            ],
            [
              103.821355,
              1.2691532
            ],
            [
              103.8213892,
              1.2691568
            ],
            [
              103.8215192,
              1.2691806
            ],
            [
              103.8215434,
              1.2692
            ],
            [
              103.8215605,
              1.269226
            ],
            [
              103.821569,
              1.2692558
            ],
            [
              103.8215378,
              1.2695731
            ],
            [
              103.8215363,
              1.2696448
            ],
            [
              103.8215544,
              1.2697141
            ],
            [
              103.821586,
              1.2697633
            ],
            [
              103.8215904,
              1.2698149
            ],
            [
              103.8215625,
              1.2699086
            ],
            [
              103.8215614,
              1.2699662
            ],
            [
              103.8215709,
              1.2700031
            ],
            [
              103.8214348,
              1.2701993
            ],
            [
              103.8212831,
              1.2704109
            ],
            [
              103.8212304,
              1.2704274
            ],
            [
              103.8211734,
              1.2704345
            ],
            [
              103.8211434,
              1.270493
            ],
            [
              103.821101,
              1.2705359
            ]
          ]
        ]
      },
      "id": "relation/5993965"
    },
    {
      "type": "Feature",
      "properties": {
        "@id": "relation/5993978",
        "name": "Hilltop Walk",
        "network": "lwn",
        "ref": "SRHT",
        "route": "hiking",
        "type": "route"
      },
      "geometry": {
        "type": "MultiLineString",
        "coordinates": [
          [
            [
              103.8096018,
              1.2791178
            ],
            [
              103.8097406,
              1.2791649
            ],
            [
              103.8101448,
              1.2792925
            ],
            [
              103.8105622,
              1.2794278
            ],
            [
              103.8107905,
              1.2794683
            ],
            [
              103.8111868,
              1.2795021
            ],
            [
              103.8112487,
              1.2795044
            ],
            [
              103.8113082,
              1.2794873
            ],
            [
              103.8113595,
              1.2794526
            ],
            [
              103.8113974,
              1.2794036
            ],
            [
              103.8115371,
              1.2791789
            ],
            [
              103.8116953,
              1.279033
            ],
            [
              103.8117105,
              1.279019
            ],
            [
              103.8117854,
              1.2789226
            ],
            [
              103.8119003,
              1.2788091
            ],
            [
              103.8119675,
              1.2787383
            ],
            [
              103.8119802,
              1.2787287
            ],
            [
              103.8122222,
              1.278545
            ],
            [
              103.8122811,
              1.2785003
            ],
            [
              103.812319,
              1.278473
            ],
            [
              103.8124558,
              1.2783747
            ],
            [
              103.8126568,
              1.2782502
            ],
            [
              103.8127681,
              1.2781959
            ],
            [
              103.8128706,
              1.2781445
            ],
            [
              103.8129634,
              1.278098
            ],
            [
              103.8131391,
              1.2780075
            ],
            [
              103.8131709,
              1.2780594
            ],
            [
              103.8132217,
              1.2781385
            ]
          ],
          [
            [
              103.8145821,
              1.2767613
            ],
            [
              103.8145537,
              1.2767919
            ],
            [
              103.8143662,
              1.2769986
            ],
            [
              103.8143418,
              1.2770224
            ],
            [
              103.8143252,
              1.2770522
            ],
            [
              103.8143236,
              1.27708
            ],
            [
              103.8143487,
              1.2771414
            ],
            [
              103.8143917,
              1.2771887
            ],
            [
              103.8144533,
              1.2772051
            ],
            [
              103.8145038,
              1.2772223
            ],
            [
              103.8145108,
              1.2772478
            ],
            [
              103.8145033,
              1.27727
            ],
            [
              103.8144763,
              1.2772854
            ],
            [
              103.8143729,
              1.2773365
            ],
            [
              103.8142325,
              1.2773934
            ],
            [
              103.8142138,
              1.2774073
            ],
            [
              103.8140416,
              1.2775349
            ],
            [
              103.8137721,
              1.2777025
            ],
            [
              103.8136929,
              1.2778117
            ],
            [
              103.8135548,
              1.2780182
            ],
            [
              103.8135321,
              1.2780473
            ],
            [
              103.8134526,
              1.2781493
            ],
            [
              103.8132217,
              1.2781385
            ],
            [
              103.8131769,
              1.2781377
            ],
            [
              103.8130764,
              1.278136
            ],
            [
              103.8130521,
              1.2781355
            ],
            [
              103.8129775,
              1.2781496
            ],
            [
              103.8129029,
              1.2781637
            ],
            [
              103.8128706,
              1.2781445
            ]
          ]
        ]
      },
      "id": "relation/5993978"
    },
    {
      "type": "Feature",
      "properties": {
        "@id": "relation/5993979",
        "name": "Forest Walk",
        "name:zh": "森林步道",
        "network": "lwn",
        "ref": "SRFW",
        "route": "hiking",
        "type": "route"
      },
      "geometry": {
        "type": "LineString",
        "coordinates": [
          [
            103.8031039,
            1.2799918
          ],
          [
            103.8031835,
            1.2799124
          ],
          [
            103.8034129,
            1.2800347
          ],
          [
            103.8034804,
            1.2799519
          ],
          [
            103.8037793,
            1.2799972
          ],
          [
            103.8038292,
            1.2800856
          ],
          [
            103.8039028,
            1.2801199
          ],
          [
            103.8040108,
            1.2801421
          ],
          [
            103.804214,
            1.2801709
          ],
          [
            103.8044366,
            1.2802111
          ],
          [
            103.8045668,
            1.2802419
          ],
          [
            103.8046856,
            1.2802373
          ],
          [
            103.8048385,
            1.2800537
          ],
          [
            103.8049783,
            1.2798913
          ],
          [
            103.8052844,
            1.2797129
          ],
          [
            103.8057325,
            1.2796149
          ],
          [
            103.806006,
            1.2796134
          ],
          [
            103.8061167,
            1.2796128
          ],
          [
            103.8063949,
            1.2795914
          ],
          [
            103.8064364,
            1.2794918
          ],
          [
            103.8065802,
            1.27946
          ],
          [
            103.8066508,
            1.27929
          ],
          [
            103.8070888,
            1.2792224
          ],
          [
            103.8072361,
            1.2792131
          ],
          [
            103.8074165,
            1.2792058
          ],
          [
            103.8075763,
            1.2791905
          ],
          [
            103.8077423,
            1.2791603
          ],
          [
            103.8077615,
            1.2790756
          ],
          [
            103.8078241,
            1.2790619
          ],
          [
            103.8078588,
            1.2787806
          ],
          [
            103.8079568,
            1.2787359
          ],
          [
            103.8079696,
            1.2786645
          ],
          [
            103.8080351,
            1.278608
          ],
          [
            103.8081092,
            1.2785855
          ],
          [
            103.8083267,
            1.2785602
          ],
          [
            103.8084237,
            1.2785795
          ],
          [
            103.8085099,
            1.2785691
          ],
          [
            103.8086638,
            1.2786421
          ],
          [
            103.8089199,
            1.2785484
          ],
          [
            103.8090708,
            1.2786832
          ],
          [
            103.8091981,
            1.2787785
          ],
          [
            103.809257,
            1.2787622
          ],
          [
            103.8092746,
            1.278757
          ],
          [
            103.8092557,
            1.2784357
          ],
          [
            103.8095091,
            1.2782613
          ],
          [
            103.8095612,
            1.2783009
          ],
          [
            103.8095051,
            1.2783637
          ],
          [
            103.8093332,
            1.2784689
          ],
          [
            103.8093605,
            1.2787744
          ],
          [
            103.8094282,
            1.2787924
          ],
          [
            103.8095975,
            1.2784277
          ],
          [
            103.8096528,
            1.2784278
          ],
          [
            103.8096849,
            1.2784683
          ],
          [
            103.809569,
            1.2786772
          ],
          [
            103.8094499,
            1.2789601
          ],
          [
            103.8094966,
            1.279034
          ],
          [
            103.8095261,
            1.2790557
          ],
          [
            103.8096018,
            1.2791178
          ]
        ]
      },
      "id": "relation/5993979"
    },
    {
      "type": "Feature",
      "properties": {
        "@id": "relation/5993980",
        "name": "Floral Walk",
        "network": "lwn",
        "ref": "SRHP",
        "route": "hiking",
        "type": "route"
      },
      "geometry": {
        "type": "MultiLineString",
        "coordinates": [
          [
            [
              103.796296,
              1.2795985
            ],
            [
              103.7963141,
              1.2795903
            ],
            [
              103.7965201,
              1.2794975
            ],
            [
              103.796752,
              1.2793938
            ],
            [
              103.7968489,
              1.2793551
            ],
            [
              103.7969956,
              1.2792966
            ],
            [
              103.7971499,
              1.2792349
            ],
            [
              103.7972825,
              1.279182
            ],
            [
              103.7978253,
              1.2789807
            ],
            [
              103.797982,
              1.278948
            ],
            [
              103.7980681,
              1.2790038
            ],
            [
              103.7980886,
              1.2790549
            ],
            [
              103.7981453,
              1.2791968
            ],
            [
              103.7981779,
              1.2792783
            ],
            [
              103.798218,
              1.2793205
            ]
          ],
          [
            [
              103.8004734,
              1.2788341
            ],
            [
              103.8004125,
              1.2788565
            ],
            [
              103.8003761,
              1.2788664
            ],
            [
              103.8003482,
              1.278874
            ],
            [
              103.800269,
              1.2788967
            ],
            [
              103.8003267,
              1.2789557
            ],
            [
              103.8003602,
              1.2789759
            ],
            [
              103.8003802,
              1.2790048
            ],
            [
              103.8003887,
              1.2790327
            ],
            [
              103.8004259,
              1.2790804
            ],
            [
              103.8004641,
              1.2790925
            ],
            [
              103.800489,
              1.2791072
            ],
            [
              103.8005292,
              1.2791153
            ],
            [
              103.8005775,
              1.27912
            ],
            [
              103.8006339,
              1.2791615
            ],
            [
              103.8006942,
              1.2791542
            ],
            [
              103.8010047,
              1.2790406
            ]
          ],
          [
            [
              103.800269,
              1.2788967
            ],
            [
              103.8002016,
              1.2789646
            ],
            [
              103.800166,
              1.2789993
            ],
            [
              103.8001295,
              1.2790337
            ],
            [
              103.8000279,
              1.2790532
            ],
            [
              103.7998623,
              1.2790464
            ],
            [
              103.7997429,
              1.2790416
            ],
            [
              103.7996911,
              1.2790435
            ],
            [
              103.7996594,
              1.2790736
            ],
            [
              103.7996292,
              1.2791072
            ],
            [
              103.7995997,
              1.2791192
            ],
            [
              103.7995787,
              1.2791185
            ],
            [
              103.7995565,
              1.2791178
            ],
            [
              103.7995283,
              1.2791225
            ],
            [
              103.7994944,
              1.2791529
            ],
            [
              103.7994585,
              1.279185
            ],
            [
              103.7994199,
              1.2792011
            ],
            [
              103.7994017,
              1.2792087
            ],
            [
              103.7993713,
              1.2792366
            ],
            [
              103.7993244,
              1.2793445
            ],
            [
              103.7992978,
              1.2793621
            ],
            [
              103.7991167,
              1.2793605
            ],
            [
              103.7986751,
              1.2793584
            ],
            [
              103.7981932,
              1.2793522
            ]
          ],
          [
            [
              103.8014853,
              1.2784629
            ],
            [
              103.8014692,
              1.2784679
            ]
          ],
          [
            [
              103.8023389,
              1.2797926
            ],
            [
              103.8023236,
              1.279932
            ],
            [
              103.8022978,
              1.2800962
            ],
            [
              103.8022874,
              1.2801758
            ],
            [
              103.8022509,
              1.2802326
            ],
            [
              103.802216,
              1.2802326
            ],
            [
              103.8022328,
              1.2801186
            ],
            [
              103.802252,
              1.2798765
            ],
            [
              103.8023389,
              1.2797926
            ],
            [
              103.8023299,
              1.2796454
            ],
            [
              103.8023062,
              1.2793985
            ],
            [
              103.8021849,
              1.2791898
            ],
            [
              103.8019949,
              1.279016
            ],
            [
              103.8018132,
              1.2789869
            ],
            [
              103.8017615,
              1.2789767
            ],
            [
              103.8016936,
              1.2789606
            ],
            [
              103.8016262,
              1.2788941
            ],
            [
              103.8015364,
              1.2788498
            ]
          ]
        ]
      },
      "id": "relation/5993980"
    },
    {
      "type": "Feature",
      "properties": {
        "@id": "relation/21066056",
        "name": "Wallace Trail",
        "network": "lwn",
        "route": "hiking",
        "type": "route",
        "@relations": [
          {
            "role": "",
            "rel": 21066060,
            "reltags": {
              "name": "Dairy Farm Nature Park",
              "network": "lwn",
              "route": "hiking",
              "type": "route"
            }
          }
        ]
      },
      "geometry": {
        "type": "MultiLineString",
        "coordinates": [
          [
            [
              103.7771049,
              1.3593608
            ],
            [
              103.7770942,
              1.3591704
            ],
            [
              103.7771022,
              1.3589734
            ],
            [
              103.7770993,
              1.3588883
            ],
            [
              103.7770922,
              1.3588097
            ],
            [
              103.7770688,
              1.3587148
            ],
            [
              103.7770564,
              1.3586714
            ],
            [
              103.7770435,
              1.3586413
            ],
            [
              103.7770214,
              1.3586173
            ],
            [
              103.7769926,
              1.3586019
            ],
            [
              103.776923,
              1.3585781
            ],
            [
              103.7768668,
              1.3585494
            ],
            [
              103.7768118,
              1.3585119
            ],
            [
              103.7767978,
              1.3584924
            ],
            [
              103.7767903,
              1.3584695
            ],
            [
              103.7767899,
              1.3584455
            ],
            [
              103.7767922,
              1.3584313
            ],
            [
              103.7767988,
              1.3584186
            ],
            [
              103.7768091,
              1.3584087
            ],
            [
              103.776822,
              1.3584026
            ],
            [
              103.7769586,
              1.358389
            ],
            [
              103.7770955,
              1.3583995
            ],
            [
              103.7773249,
              1.3584746
            ],
            [
              103.7774724,
              1.358484
            ],
            [
              103.7775484,
              1.3585089
            ],
            [
              103.7776142,
              1.3585543
            ],
            [
              103.7776645,
              1.3586166
            ],
            [
              103.7777134,
              1.3587044
            ],
            [
              103.777726,
              1.3587694
            ],
            [
              103.7777325,
              1.3588031
            ],
            [
              103.777736,
              1.3588693
            ],
            [
              103.777758,
              1.3589318
            ],
            [
              103.7777969,
              1.3589854
            ],
            [
              103.7778203,
              1.359025
            ],
            [
              103.7778303,
              1.3590699
            ],
            [
              103.777826,
              1.3591157
            ],
            [
              103.7778078,
              1.3591579
            ],
            [
              103.7777774,
              1.3591925
            ],
            [
              103.7777063,
              1.3593018
            ],
            [
              103.7776889,
              1.3593676
            ],
            [
              103.7776943,
              1.3594355
            ],
            [
              103.777722,
              1.3594977
            ],
            [
              103.7777569,
              1.35953
            ],
            [
              103.7777803,
              1.3595713
            ],
            [
              103.7777899,
              1.3596179
            ],
            [
              103.7777849,
              1.3596652
            ],
            [
              103.7777674,
              1.3598381
            ],
            [
              103.7777594,
              1.3601009
            ],
            [
              103.7777808,
              1.3603315
            ],
            [
              103.7778023,
              1.3605568
            ],
            [
              103.7777694,
              1.3608088
            ],
            [
              103.7777862,
              1.3609389
            ],
            [
              103.7777862,
              1.3610113
            ],
            [
              103.7777956,
              1.3610676
            ],
            [
              103.7778184,
              1.3611118
            ],
            [
              103.7778653,
              1.3611547
            ],
            [
              103.7779082,
              1.3611976
            ],
            [
              103.7779358,
              1.3612253
            ],
            [
              103.7779527,
              1.3612606
            ],
            [
              103.7779569,
              1.3612995
            ],
            [
              103.777948,
              1.3613376
            ],
            [
              103.7779269,
              1.3613706
            ],
            [
              103.7779134,
              1.361397
            ],
            [
              103.7779081,
              1.3614263
            ],
            [
              103.7779114,
              1.3614558
            ],
            [
              103.777923,
              1.3614832
            ],
            [
              103.777954,
              1.3615296
            ],
            [
              103.7779796,
              1.3615917
            ],
            [
              103.7779835,
              1.3616588
            ],
            [
              103.7779837,
              1.3618018
            ],
            [
              103.7779551,
              1.3619243
            ],
            [
              103.7778858,
              1.3619273
            ],
            [
              103.7778569,
              1.3620273
            ],
            [
              103.7777632,
              1.3620237
            ],
            [
              103.7777134,
              1.3619904
            ],
            [
              103.7776292,
              1.361961
            ],
            [
              103.7776028,
              1.3618655
            ],
            [
              103.7774598,
              1.3618052
            ],
            [
              103.7773681,
              1.3618566
            ],
            [
              103.7772723,
              1.3618818
            ]
          ],
          [
            [
              103.7772657,
              1.361183
            ],
            [
              103.7772665,
              1.361454
            ],
            [
              103.7772787,
              1.361667
            ],
            [
              103.7772723,
              1.3618818
            ],
            [
              103.7772758,
              1.3620375
            ],
            [
              103.7773295,
              1.3622102
            ],
            [
              103.7773535,
              1.3623446
            ],
            [
              103.7773483,
              1.3626572
            ],
            [
              103.7773443,
              1.3628481
            ],
            [
              103.7773096,
              1.3629978
            ],
            [
              103.7772782,
              1.3631022
            ],
            [
              103.7771785,
              1.3632582
            ],
            [
              103.7770564,
              1.3634255
            ],
            [
              103.7769128,
              1.3636334
            ],
            [
              103.7768824,
              1.3636755
            ],
            [
              103.7767665,
              1.3638143
            ],
            [
              103.7767442,
              1.3638409
            ],
            [
              103.7766652,
              1.3639138
            ],
            [
              103.7765856,
              1.3639873
            ],
            [
              103.7764645,
              1.3640622
            ],
            [
              103.7763802,
              1.3641048
            ],
            [
              103.7762386,
              1.3641708
            ],
            [
              103.7759531,
              1.3642361
            ],
            [
              103.7756533,
              1.364307
            ],
            [
              103.7753291,
              1.3643754
            ],
            [
              103.7752086,
              1.364411
            ],
            [
              103.7750311,
              1.3644411
            ],
            [
              103.7748803,
              1.3644684
            ],
            [
              103.7748002,
              1.3644857
            ],
            [
              103.7746627,
              1.3644905
            ],
            [
              103.7745266,
              1.3644703
            ],
            [
              103.7744562,
              1.3644408
            ],
            [
              103.7743583,
              1.3643926
            ],
            [
              103.7742301,
              1.3642996
            ],
            [
              103.7739818,
              1.36414
            ],
            [
              103.7737325,
              1.3640207
            ],
            [
              103.7736777,
              1.3640012
            ],
            [
              103.7736021,
              1.3639943
            ],
            [
              103.7735149,
              1.3639985
            ],
            [
              103.7734595,
              1.364012
            ],
            [
              103.7731981,
              1.3641208
            ],
            [
              103.7730458,
              1.3641949
            ],
            [
              103.7729763,
              1.3642337
            ],
            [
              103.7729539,
              1.3642555
            ],
            [
              103.7729359,
              1.3642799
            ],
            [
              103.7729188,
              1.3643331
            ],
            [
              103.7727742,
              1.3642963
            ],
            [
              103.772724,
              1.3642604
            ],
            [
              103.7726834,
              1.3642138
            ],
            [
              103.7726626,
              1.3641892
            ],
            [
              103.7726352,
              1.3641723
            ],
            [
              103.7726039,
              1.3641649
            ],
            [
              103.7725691,
              1.3641683
            ],
            [
              103.7724811,
              1.3641768
            ],
            [
              103.7723172,
              1.3641941
            ],
            [
              103.7721269,
              1.3641951
            ],
            [
              103.7720583,
              1.3641955
            ],
            [
              103.7719128,
              1.364164
            ],
            [
              103.7718641,
              1.3641347
            ],
            [
              103.7718232,
              1.3640954
            ],
            [
              103.7717839,
              1.3640767
            ],
            [
              103.7717405,
              1.3640725
            ],
            [
              103.771701,
              1.3640767
            ],
            [
              103.7716581,
              1.3640759
            ],
            [
              103.7716171,
              1.3640634
            ],
            [
              103.7715059,
              1.3640285
            ],
            [
              103.7714431,
              1.3640032
            ],
            [
              103.7713284,
              1.3639459
            ],
            [
              103.7712167,
              1.3638885
            ],
            [
              103.7710702,
              1.3638155
            ],
            [
              103.7709384,
              1.3637162
            ],
            [
              103.7708376,
              1.3636836
            ],
            [
              103.7706656,
              1.3635936
            ],
            [
              103.7705895,
              1.3635136
            ],
            [
              103.770524,
              1.3634532
            ],
            [
              103.7704911,
              1.3634228
            ]
          ]
        ]
      },
      "id": "relation/21066056"
    },
    {
      "type": "Feature",
      "properties": {
        "@id": "relation/21066057",
        "name": "Dairy Farm Loop",
        "name:zh": "牛乳场环道",
        "network": "lwn",
        "route": "hiking",
        "type": "route",
        "@relations": [
          {
            "role": "",
            "rel": 21066060,
            "reltags": {
              "name": "Dairy Farm Nature Park",
              "network": "lwn",
              "route": "hiking",
              "type": "route"
            }
          }
        ]
      },
      "geometry": {
        "type": "LineString",
        "coordinates": [
          [
            103.7745323,
            1.3599195
          ],
          [
            103.7745513,
            1.3599438
          ],
          [
            103.7745768,
            1.359961
          ],
          [
            103.7746064,
            1.3599695
          ],
          [
            103.7747443,
            1.3599783
          ],
          [
            103.7748055,
            1.360012
          ],
          [
            103.7748543,
            1.3600619
          ],
          [
            103.7748866,
            1.3601238
          ],
          [
            103.7748996,
            1.3601924
          ],
          [
            103.774987,
            1.360496
          ],
          [
            103.7751329,
            1.360659
          ],
          [
            103.7751455,
            1.3608566
          ],
          [
            103.7751563,
            1.3609975
          ],
          [
            103.775199,
            1.3611126
          ],
          [
            103.7752069,
            1.3611338
          ],
          [
            103.7752428,
            1.3611306
          ],
          [
            103.7753073,
            1.3610824
          ],
          [
            103.7753643,
            1.3610714
          ],
          [
            103.775394,
            1.3610639
          ],
          [
            103.7754116,
            1.3610632
          ],
          [
            103.775488,
            1.3610555
          ],
          [
            103.7755205,
            1.3610469
          ],
          [
            103.7755458,
            1.3610633
          ],
          [
            103.7755634,
            1.3610917
          ],
          [
            103.7755776,
            1.3611167
          ],
          [
            103.7755835,
            1.3611448
          ],
          [
            103.7755789,
            1.361245
          ],
          [
            103.775614,
            1.3612675
          ],
          [
            103.7757156,
            1.3613475
          ],
          [
            103.7757821,
            1.3613979
          ],
          [
            103.7758428,
            1.361488
          ],
          [
            103.7759623,
            1.3618331
          ],
          [
            103.7759934,
            1.3619179
          ],
          [
            103.7760581,
            1.3619826
          ],
          [
            103.7761567,
            1.3620226
          ],
          [
            103.7762702,
            1.3620266
          ],
          [
            103.7764017,
            1.3620297
          ],
          [
            103.7765576,
            1.3620222
          ],
          [
            103.7766114,
            1.3618948
          ],
          [
            103.7765895,
            1.361664
          ],
          [
            103.7765403,
            1.3613794
          ],
          [
            103.776491,
            1.3610948
          ],
          [
            103.7764404,
            1.3607146
          ],
          [
            103.7764324,
            1.3605029
          ],
          [
            103.7764269,
            1.3603553
          ],
          [
            103.7764203,
            1.3601707
          ],
          [
            103.776399,
            1.3599265
          ],
          [
            103.7763824,
            1.3598079
          ],
          [
            103.7763683,
            1.3597074
          ],
          [
            103.7763544,
            1.3595564
          ],
          [
            103.7763356,
            1.3593796
          ],
          [
            103.7762981,
            1.3590629
          ],
          [
            103.7762878,
            1.3589754
          ],
          [
            103.7762861,
            1.3589611
          ],
          [
            103.7762749,
            1.3587764
          ],
          [
            103.7762499,
            1.3586596
          ],
          [
            103.776231,
            1.3585711
          ],
          [
            103.7762386,
            1.3584196
          ],
          [
            103.7762383,
            1.3584001
          ],
          [
            103.7762352,
            1.3582056
          ],
          [
            103.776233,
            1.358064
          ],
          [
            103.776185,
            1.3576907
          ],
          [
            103.7761473,
            1.3575824
          ],
          [
            103.7761337,
            1.3573079
          ],
          [
            103.7761236,
            1.3571055
          ],
          [
            103.7761265,
            1.3570494
          ],
          [
            103.7761317,
            1.3569456
          ],
          [
            103.776056,
            1.356718
          ],
          [
            103.7760416,
            1.3566043
          ],
          [
            103.776043,
            1.3564601
          ],
          [
            103.7760458,
            1.3563058
          ],
          [
            103.7760853,
            1.3562625
          ],
          [
            103.7761087,
            1.3562364
          ],
          [
            103.7761168,
            1.3562274
          ],
          [
            103.776157,
            1.3561772
          ],
          [
            103.7760997,
            1.3560852
          ],
          [
            103.776094,
            1.356076
          ],
          [
            103.775965,
            1.3559775
          ],
          [
            103.7758302,
            1.3559095
          ]
        ]
      },
      "id": "relation/21066057"
    },
    {
      "type": "Feature",
      "properties": {
        "@id": "relation/21066058",
        "name": "Reneges Path",
        "network": "lwn",
        "route": "hiking",
        "type": "route",
        "@relations": [
          {
            "role": "",
            "rel": 21066060,
            "reltags": {
              "name": "Dairy Farm Nature Park",
              "network": "lwn",
              "route": "hiking",
              "type": "route"
            }
          }
        ]
      },
      "geometry": {
        "type": "LineString",
        "coordinates": [
          [
            103.7760611,
            1.3551915
          ],
          [
            103.7760358,
            1.3552477
          ],
          [
            103.7759395,
            1.3554575
          ],
          [
            103.7758816,
            1.3556753
          ],
          [
            103.7758302,
            1.3559095
          ],
          [
            103.7758261,
            1.355917
          ],
          [
            103.7755742,
            1.3562635
          ],
          [
            103.7753081,
            1.3567011
          ],
          [
            103.7751021,
            1.3569929
          ],
          [
            103.7748274,
            1.3573072
          ]
        ]
      },
      "id": "relation/21066058"
    },
    {
      "type": "Feature",
      "properties": {
        "@id": "relation/21066059",
        "name": "Jungle Fall Path",
        "network": "lwn",
        "route": "hiking",
        "type": "route",
        "@relations": [
          {
            "role": "",
            "rel": 21066060,
            "reltags": {
              "name": "Dairy Farm Nature Park",
              "network": "lwn",
              "route": "hiking",
              "type": "route"
            }
          }
        ]
      },
      "geometry": {
        "type": "LineString",
        "coordinates": [
          [
            103.773783,
            1.3574037
          ],
          [
            103.7737657,
            1.357386
          ],
          [
            103.7737512,
            1.3573571
          ],
          [
            103.773747,
            1.3573251
          ],
          [
            103.7737535,
            1.3572934
          ],
          [
            103.7737857,
            1.3571942
          ],
          [
            103.7737803,
            1.3571535
          ],
          [
            103.7737635,
            1.3571161
          ],
          [
            103.7737497,
            1.3571002
          ],
          [
            103.7737366,
            1.3570851
          ],
          [
            103.7737019,
            1.3570631
          ],
          [
            103.7736623,
            1.3570521
          ],
          [
            103.7735429,
            1.3570293
          ],
          [
            103.7735013,
            1.3570098
          ],
          [
            103.7734689,
            1.3569773
          ],
          [
            103.7734494,
            1.3569357
          ],
          [
            103.7734453,
            1.35689
          ],
          [
            103.7734852,
            1.3567438
          ],
          [
            103.7735268,
            1.3565976
          ],
          [
            103.7735926,
            1.3564649
          ],
          [
            103.7737151,
            1.3562191
          ],
          [
            103.7738207,
            1.3559454
          ],
          [
            103.7739264,
            1.3557817
          ],
          [
            103.7739512,
            1.3557418
          ],
          [
            103.7740423,
            1.3555916
          ],
          [
            103.7741773,
            1.3553668
          ],
          [
            103.7743104,
            1.3552526
          ],
          [
            103.7743827,
            1.3552337
          ],
          [
            103.7745271,
            1.3552389
          ],
          [
            103.7745947,
            1.3552077
          ],
          [
            103.7747987,
            1.3550714
          ],
          [
            103.7749853,
            1.3549202
          ],
          [
            103.7751196,
            1.3547592
          ]
        ]
      },
      "id": "relation/21066059"
    },
    {
      "type": "Feature",
      "properties": {
        "@id": "relation/21066060",
        "name": "Dairy Farm Nature Park",
        "network": "lwn",
        "route": "hiking",
        "type": "route"
      },
      "geometry": {
        "type": "LineString",
        "coordinates": [
          [
            103.7745323,
            1.3599195
          ],
          [
            103.7745217,
            1.3598906
          ],
          [
            103.7745206,
            1.3598598
          ],
          [
            103.774529,
            1.3598302
          ],
          [
            103.7745461,
            1.3598046
          ],
          [
            103.7746185,
            1.3597148
          ],
          [
            103.7746606,
            1.3595843
          ],
          [
            103.7746789,
            1.3594591
          ],
          [
            103.7746567,
            1.3593346
          ],
          [
            103.7745813,
            1.3591829
          ],
          [
            103.7745522,
            1.359016
          ],
          [
            103.7745681,
            1.3588045
          ],
          [
            103.7746426,
            1.358606
          ],
          [
            103.7746486,
            1.3585114
          ],
          [
            103.7746308,
            1.3584182
          ],
          [
            103.7745867,
            1.3582514
          ],
          [
            103.774597,
            1.3580791
          ],
          [
            103.7746457,
            1.3576733
          ],
          [
            103.7748274,
            1.3573072
          ],
          [
            103.7746821,
            1.3572396
          ],
          [
            103.7745236,
            1.3572165
          ],
          [
            103.774365,
            1.3572398
          ],
          [
            103.7739091,
            1.3574013
          ],
          [
            103.7738817,
            1.3574185
          ],
          [
            103.7738502,
            1.3574257
          ],
          [
            103.7738181,
            1.3574223
          ],
          [
            103.773794,
            1.3574134
          ],
          [
            103.7737888,
            1.3574086
          ]
        ]
      },
      "id": "relation/21066060"
    }
  ]
}