{
  "type": "FeatureCollection",
  "generator": "overpass-turbo",
  "copyright": "The data included in this document is from www.openstreetmap.org. The data is made available under ODbL.",
  "timestamp": "2026-10-05T02:29:20Z",
  "features": [
    {
      "type": "Feature",
      "properties": {
        "@id": "relation/4432955",
        "distance": "2",
        "fee": "no",
        "name": "Gurgling Nature Trail",
        "route": "hiking",
        "type": "route"
      },
      "geometry": {
        "type": "LineString",
        "coordinates": [
          [
            99.400952,
            19.0767145
          ],
          [
            99.4012835,
            19.0766642
          ],
          [
            99.4014612,
            19.0767515
          ],
          [
            99.4016964,
            19.0767447
          ],
          [
            99.4018171,
            19.076667
          ],
          [
            99.4018955,
            19.0764901
          ],
          [
            99.4019137,
            19.076338
          ],
          [
            99.4019557,
            19.0761593
          ],
          [
            99.4020736,
            19.0760155
          ],
          [
            99.4021991,
            19.075942
          ],
          [
            99.4022456,
            19.0757999
          ],
          [
            99.4023359,
            19.0755536
          ],
          [
            99.4026023,
            19.0753701
          ],
          [
            99.4028203,
            19.0753577
          ],
          [
            99.4029562,
            19.075359
          ],
          [
            99.4030569,
            19.0753405
          ],
          [
            99.40314,
            19.0753303
          ],
          [
            99.4032606,
            19.0753171
          ],
          [
            99.4034188,
            19.0753789
          ],
          [
            99.403546,
            19.0752536
          ],
          [
            99.4037731,
            19.0752035
          ],
          [
            99.4039959,
            19.0752029
          ],
          [
            99.4042945,
            19.0751717
          ],
          [
            99.4045072,
            19.0751577
          ],
          [
            99.404561,
            19.0751136
          ],
          [
            99.4049881,
            19.0749587
          ],
          [
            99.4051471,
            19.0747294
          ],
          [
            99.4052366,
            19.0745481
          ],
          [
            99.405235,
            19.074402
          ],
          [
            99.4051907,
            19.0743089
          ],
          [
            99.4051597,
            19.0741818
          ],
          [
            99.4051546,
            19.0739756
          ],
          [
            99.4051139,
            19.0735449
          ],
          [
            99.4052204,
            19.0731917
          ],
          [
            99.4052136,
            19.0727368
          ],
          [
            99.4051143,
            19.0726167
          ],
          [
            99.4049827,
            19.0725678
          ],
          [
            99.4048352,
            19.0727376
          ],
          [
            99.4046935,
            19.0728382
          ],
          [
            99.4046516,
            19.0728786
          ],
          [
            99.4045998,
            19.0728786
          ],
          [
            99.4045144,
            19.0728643
          ],
          [
            99.404368,
            19.0727685
          ],
          [
            99.4042656,
            19.072716
          ],
          [
            99.4042045,
            19.0726706
          ],
          [
            99.4041466,
            19.0726003
          ],
          [
            99.4041611,
            19.0725457
          ],
          [
            99.404158,
            19.0725016
          ],
          [
            99.4041087,
            19.0724674
          ],
          [
            99.4040351,
            19.0724043
          ],
          [
            99.4040053,
            19.0722508
          ],
          [
            99.4040187,
            19.0720934
          ],
          [
            99.4039796,
            19.0720174
          ],
          [
            99.4039381,
            19.0718971
          ],
          [
            99.4038777,
            19.0716968
          ],
          [
            99.4037609,
            19.0716074
          ],
          [
            99.4036693,
            19.0714004
          ],
          [
            99.4036584,
            19.0712915
          ],
          [
            99.403623,
            19.0711908
          ],
          [
            99.4037597,
            19.0710466
          ],
          [
            99.4039215,
            19.070902
          ],
          [
            99.4040597,
            19.0709136
          ],
          [
            99.4040874,
            19.0708577
          ],
          [
            99.4043172,
            19.0706964
          ],
          [
            99.404428,
            19.0705152
          ],
          [
            99.4046671,
            19.0704215
          ],
          [
            99.4048089,
            19.0703795
          ],
          [
            99.4047913,
            19.0702918
          ],
          [
            99.4048516,
            19.0702662
          ],
          [
            99.4048833,
            19.0701627
          ],
          [
            99.404847,
            19.0701322
          ],
          [
            99.4047429,
            19.0700949
          ],
          [
            99.4046538,
            19.070111
          ],
          [
            99.4045901,
            19.0701
          ],
          [
            99.4045209,
            19.0702092
          ],
          [
            99.404415,
            19.0702429
          ],
          [
            99.4042892,
            19.0702432
          ],
          [
            99.4041812,
            19.0703499
          ],
          [
            99.4040591,
            19.0704431
          ],
          [
            99.4039227,
            19.0704675
          ],
          [
            99.4037223,
            19.070519
          ],
          [
            99.4036115,
            19.0706718
          ],
          [
            99.4035012,
            19.0709021
          ],
          [
            99.4032683,
            19.07094
          ],
          [
            99.403177,
            19.0711776
          ],
          [
            99.4031399,
            19.0713243
          ],
          [
            99.4032154,
            19.0714277
          ],
          [
            99.4032631,
            19.0714952
          ],
          [
            99.4033383,
            19.0715928
          ],
          [
            99.4034213,
            19.0717406
          ],
          [
            99.4034865,
            19.0720086
          ],
          [
            99.4035051,
            19.072255
          ],
          [
            99.4035372,
            19.0724251
          ],
          [
            99.4035706,
            19.0725955
          ],
          [
            99.4036332,
            19.0727345
          ],
          [
            99.4036157,
            19.0728436
          ],
          [
            99.4035446,
            19.0729175
          ],
          [
            99.4034382,
            19.0729197
          ],
          [
            99.4033237,
            19.0729092
          ],
          [
            99.4032577,
            19.0728985
          ],
          [
            99.4032526,
            19.072982
          ],
          [
            99.4032434,
            19.0730484
          ],
          [
            99.4031845,
            19.0730912
          ],
          [
            99.4031578,
            19.0730151
          ],
          [
            99.4031306,
            19.0729528
          ],
          [
            99.4030696,
            19.0730558
          ],
          [
            99.4030531,
            19.0731335
          ],
          [
            99.4029529,
            19.0732096
          ],
          [
            99.402842,
            19.0732403
          ],
          [
            99.4024282,
            19.0732876
          ],
          [
            99.4022242,
            19.0733097
          ],
          [
            99.4019063,
            19.0732966
          ],
          [
            99.4017328,
            19.0733526
          ],
          [
            99.4013609,
            19.0735807
          ],
          [
            99.4013254,
            19.0736025
          ],
          [
            99.4012303,
            19.0736625
          ],
          [
            99.4011386,
            19.0738081
          ],
          [
            99.4008749,
            19.0743594
          ],
          [
            99.400705,
            19.0745086
          ],
          [
            99.4006913,
            19.074765
          ],
          [
            99.4005283,
            19.075049
          ],
          [
            99.4003975,
            19.0752229
          ],
          [
            99.4002145,
            19.0753957
          ],
          [
            99.4000011,
            19.0755682
          ],
          [
            99.3997477,
            19.0756756
          ],
          [
            99.3995558,
            19.0759053
          ],
          [
            99.3994349,
            19.0760398
          ],
          [
            99.3994096,
            19.0762195
          ],
          [
            99.3994025,
            19.0762875
          ],
          [
            99.3994194,
            19.0763752
          ],
          [
            99.3993967,
            19.0764028
          ],
          [
            99.3993686,
            19.0764155
          ],
          [
            99.3993285,
            19.0764135
          ],
          [
            99.3993028,
            19.0763386
          ],
          [
            99.3992768,
            19.0763166
          ],
          [
            99.3992417,
            19.0763311
          ],
          [
            99.3992413,
            19.0763747
          ],
          [
            99.3992711,
            19.0764432
          ],
          [
            99.3992852,
            19.0765216
          ],
          [
            99.3992364,
            19.0764975
          ]
        ]
      },
      "id": "relation/4432955"
    },
    {
      "type": "Feature",
      "properties": {
        "@id": "relation/4432968",
        "fee": "no",
        "name": "Chom Wana Nature Trail",
        "route": "hiking",
        "type": "route"
      },
      "geometry": {
        "type": "LineString",
        "coordinates": [
          [
            99.400952,
            19.0767145
          ],
          [
            99.4012835,
            19.0766642
          ],
          [
            99.4014612,
            19.0767515
          ],
          [
            99.4016964,
            19.0767447
          ],
          [
            99.4018171,
            19.076667
          ],
          [
            99.4021725,
            19.0767495
          ],
          [
            99.4024618,
            19.0768113
          ],
          [
            99.4027019,
            19.0769115
          ],
          [
            99.4029325,
            19.0770027
          ],
          [
            99.4031096,
            19.0770889
          ],
          [
            99.403233,
            19.0772055
          ],
          [
            99.4033081,
            19.0774489
          ]
        ]
      },
      "id": "relation/4432968"
    },
    {
      "type": "Feature",
      "properties": {
        "@id": "relation/8414445",
        "name": "Mu Ko Lanta National Park Nature Trail",
        "route": "hiking",
        "type": "route",
        "wikidata": "Q55236356"
      },
      "geometry": {
        "type": "LineString",
        "coordinates": [
          [
            99.1010356,
            7.4702089
          ],
          [
            99.1008391,
            7.4701147
          ],
          [
            99.1006084,
            7.4701041
          ],
          [
            99.1004757,
            7.4701134
          ],
          [
            99.100304,
            7.4701892
          ],
          [
            99.1001605,
            7.4702836
          ],
          [
            99.1000841,
            7.4703089
          ],
          [
            99.100011,
            7.4702718
          ],
          [
            99.0999982,
            7.4701599
          ],
          [
            99.0999285,
            7.4701008
          ],
          [
            99.0997986,
            7.4700737
          ],
          [
            99.0996219,
            7.4702146
          ],
          [
            99.0994598,
            7.4703058
          ],
          [
            99.0992859,
            7.4703211
          ],
          [
            99.0990144,
            7.470205
          ],
          [
            99.0988034,
            7.4701954
          ],
          [
            99.09862,
            7.4701697
          ],
          [
            99.0984793,
            7.4700807
          ],
          [
            99.0982791,
            7.4701442
          ],
          [
            99.0980269,
            7.4702661
          ],
          [
            99.09799,
            7.4703738
          ],
          [
            99.0981087,
            7.4705046
          ],
          [
            99.0982507,
            7.4705229
          ],
          [
            99.0982625,
            7.4706563
          ],
          [
            99.0982494,
            7.4707047
          ],
          [
            99.0981694,
            7.4707344
          ],
          [
            99.0977635,
            7.4707908
          ],
          [
            99.0976101,
            7.4708121
          ],
          [
            99.0975253,
            7.4710565
          ],
          [
            99.0975324,
            7.4711367
          ],
          [
            99.0975681,
            7.4712322
          ],
          [
            99.097605,
            7.4714174
          ],
          [
            99.0976193,
            7.4715307
          ],
          [
            99.0975515,
            7.4716545
          ],
          [
            99.0975562,
            7.4717524
          ],
          [
            99.0975491,
            7.4718468
          ],
          [
            99.0975039,
            7.4719329
          ],
          [
            99.0974777,
            7.4720296
          ],
          [
            99.0974777,
            7.4721677
          ],
          [
            99.0974146,
            7.4722856
          ],
          [
            99.0973563,
            7.4723234
          ],
          [
            99.0972778,
            7.4723422
          ],
          [
            99.0971886,
            7.4723399
          ],
          [
            99.0971184,
            7.4723776
          ],
          [
            99.0970613,
            7.4724437
          ],
          [
            99.0969828,
            7.4725251
          ],
          [
            99.0969471,
            7.4726631
          ],
          [
            99.0968912,
            7.4727032
          ],
          [
            99.0967972,
            7.4728471
          ],
          [
            99.0967234,
            7.4729981
          ],
          [
            99.096589,
            7.4730925
          ],
          [
            99.0964926,
            7.4731774
          ],
          [
            99.0964355,
            7.4733674
          ],
          [
            99.096391,
            7.4736286
          ],
          [
            99.0962626,
            7.4737265
          ],
          [
            99.0961561,
            7.4738032
          ],
          [
            99.0961607,
            7.473895
          ],
          [
            99.096262,
            7.4739978
          ],
          [
            99.0963019,
            7.4741279
          ],
          [
            99.0962136,
            7.4742504
          ],
          [
            99.0964052,
            7.4745686
          ],
          [
            99.09669,
            7.4746995
          ],
          [
            99.0969064,
            7.4749254
          ],
          [
            99.097063,
            7.4749558
          ],
          [
            99.0972162,
            7.4750167
          ],
          [
            99.0976512,
            7.4749488
          ],
          [
            99.0980006,
            7.4750438
          ],
          [
            99.0982057,
            7.475055
          ],
          [
            99.0984391,
            7.4752336
          ],
          [
            99.0984535,
            7.4755497
          ],
          [
            99.0986392,
            7.4758108
          ],
          [
            99.0988347,
            7.4758311
          ],
          [
            99.0990063,
            7.4758921
          ],
          [
            99.099269,
            7.4757851
          ],
          [
            99.0993259,
            7.475626
          ],
          [
            99.0993315,
            7.4754567
          ],
          [
            99.0992812,
            7.4753538
          ],
          [
            99.0992921,
            7.475111
          ],
          [
            99.0989828,
            7.474617
          ],
          [
            99.0991011,
            7.4745018
          ],
          [
            99.099156,
            7.4743527
          ],
          [
            99.0991933,
            7.474062
          ],
          [
            99.0992939,
            7.473984
          ],
          [
            99.0993288,
            7.4739178
          ],
          [
            99.0993055,
            7.4738449
          ],
          [
            99.0992158,
            7.4736855
          ],
          [
            99.0992082,
            7.4736024
          ],
          [
            99.0992588,
            7.4735227
          ],
          [
            99.0997706,
            7.4733291
          ],
          [
            99.1001882,
            7.4733222
          ],
          [
            99.1004142,
            7.4732982
          ],
          [
            99.100617,
            7.4731461
          ],
          [
            99.1007411,
            7.4729431
          ],
          [
            99.1010334,
            7.4727273
          ],
          [
            99.1012676,
            7.4724369
          ],
          [
            99.1013698,
            7.4719145
          ],
          [
            99.1016274,
            7.4712624
          ],
          [
            99.101772,
            7.4708554
          ],
          [
            99.1019247,
            7.4706106
          ],
          [
            99.1019977,
            7.4703167
          ],
          [
            99.102045,
            7.4700846
          ],
          [
            99.1019949,
            7.4699934
          ],
          [
            99.1018979,
            7.4699254
          ],
          [
            99.1018572,
            7.4697376
          ],
          [
            99.1018022,
            7.4696817
          ],
          [
            99.1017302,
            7.4696753
          ],
          [
            99.1016591,
            7.4697236
          ],
          [
            99.1015819,
            7.4698596
          ],
          [
            99.1013795,
            7.4701292
          ],
          [
            99.1012507,
            7.4702143
          ],
          [
            99.1011287,
            7.4702383
          ],
          [
            99.1010356,
            7.4702089
          ]
        ]
      },
      "id": "relation/8414445"
    },
    {
      "type": "Feature",
      "properties": {
        "@id": "relation/8863076",
        "name:en": "Monkey trail",
        "name:ru": "Обезьянья тропа",
        "route": "hiking",
        "type": "route"
      },
      "geometry": {
        "type": "LineString",
        "coordinates": [
          [
            98.8279069,
            8.0248545
          ],
          [
            98.827806,
            8.0249771
          ],
          [
            98.8277007,
            8.0249852
          ],
          [
            98.8275361,
            8.024963
          ],
          [
            98.8273949,
            8.0250374
          ],
          [
            98.8273355,
            8.0250821
          ],
          [
            98.8272332,
            8.0251603
          ],
          [
            98.8271857,
            8.0253728
          ],
          [
            98.82723,
            8.0256021
          ],
          [
            98.82712,
            8.0258151
          ],
          [
            98.8269634,
            8.0258835
          ],
          [
            98.826911,
            8.0261054
          ],
          [
            98.8269303,
            8.0262416
          ],
          [
            98.8268735,
            8.0263269
          ],
          [
            98.8269057,
            8.0264384
          ],
          [
            98.8269325,
            8.0266456
          ],
          [
            98.8269272,
            8.0268156
          ],
          [
            98.8268628,
            8.0269537
          ],
          [
            98.8268437,
            8.0270419
          ],
          [
            98.8268374,
            8.0270709
          ],
          [
            98.8268215,
            8.0271698
          ],
          [
            98.8267202,
            8.0274274
          ]
        ]
      },
      "id": "relation/8863076"
    },
    {
      "type": "Feature",
      "properties": {
        "@id": "relation/12104443",
        "name": "น้ำตกคลองปลาก้าง",
        "route": "hiking",
        "type": "route"
      },
      "geometry": {
        "type": "LineString",
        "coordinates": [
          [
            101.7177702,
            12.9336848
          ],
          [
            101.7178703,
            12.9335509
          ],
          [
            101.71816,
            12.9335091
          ],
          [
            101.7181975,
            12.9336712
          ],
          [
            101.7184528,
            12.9337475
          ],
          [
            101.7184684,
            12.9337522
          ],
          [
            101.7185626,
            12.9337283
          ],
          [
            101.7189432,
            12.9336319
          ],
          [
            101.7190666,
            12.9335509
          ],
          [
            101.7192656,
            12.9336387
          ],
          [
            101.7193214,
            12.9336633
          ],
          [
            101.71933,
            12.9336638
          ],
          [
            101.7196593,
            12.9336816
          ],
          [
            101.7201555,
            12.933943
          ],
          [
            101.7201502,
            12.9340134
          ],
          [
            101.7201421,
            12.9341208
          ],
          [
            101.7211115,
            12.9344995
          ],
          [
            101.7212215,
            12.9347243
          ],
          [
            101.7212303,
            12.9347282
          ],
          [
            101.7214816,
            12.9348394
          ],
          [
            101.7215487,
            12.9351557
          ],
          [
            101.7220959,
            12.9355399
          ],
          [
            101.7221334,
            12.935953
          ],
          [
            101.7224298,
            12.9361359
          ],
          [
            101.7226672,
            12.9362824
          ],
          [
            101.7229595,
            12.9360575
          ],
          [
            101.7232009,
            12.9362876
          ],
          [
            101.7236385,
            12.9366346
          ],
          [
            101.7236619,
            12.937029
          ]
        ]
      },
      "id": "relation/12104443"
    },
    {
      "type": "Feature",
      "properties": {
        "@id": "relation/14142208",
        "colour": "red",
        "name": "Mon Tha Than Nature Trail",
        "route": "hiking",
        "type": "route"
      },
      "geometry": {
        "type": "LineString",
        "coordinates": [
          [
            98.9266732,
            18.8165363
          ],
          [
            98.9263465,
            18.8159352
          ],
          [
            98.9259527,
            18.8156712
          ],
          [
            98.9254523,
            18.8156155
          ],
          [
            98.9249067,
            18.8157939
          ],
          [
            98.92438,
            18.8153861
          ],
          [
            98.9238013,
            18.8154086
          ],
          [
            98.9234344,
            18.8153023
          ],
          [
            98.9227749,
            18.8155082
          ],
          [
            98.9228925,
            18.815986
          ],
          [
            98.9229451,
            18.816208
          ],
          [
            98.9226019,
            18.8163519
          ],
          [
            98.9222067,
            18.8168667
          ],
          [
            98.9221544,
            18.8172217
          ],
          [
            98.9221468,
            18.8172603
          ],
          [
            98.9221317,
            18.8173155
          ],
          [
            98.9222114,
            18.8174008
          ],
          [
            98.9223592,
            18.8175031
          ],
          [
            98.9225137,
            18.8175549
          ],
          [
            98.9226204,
            18.8176133
          ],
          [
            98.9226897,
            18.8175808
          ],
          [
            98.922853,
            18.817743
          ],
          [
            98.922914,
            18.817762
          ],
          [
            98.9229574,
            18.8177103
          ],
          [
            98.9230663,
            18.817658
          ],
          [
            98.9230716,
            18.8175045
          ],
          [
            98.923083,
            18.8174612
          ],
          [
            98.9230824,
            18.8174183
          ],
          [
            98.9230699,
            18.8173683
          ],
          [
            98.923096,
            18.8173206
          ],
          [
            98.9231711,
            18.8174084
          ],
          [
            98.923188,
            18.8173893
          ],
          [
            98.9232203,
            18.8172885
          ],
          [
            98.9234361,
            18.8173337
          ],
          [
            98.9236159,
            18.817383
          ],
          [
            98.9237882,
            18.8172541
          ],
          [
            98.9240101,
            18.8171723
          ],
          [
            98.924277,
            18.8171818
          ],
          [
            98.9245208,
            18.8170492
          ]
        ]
      },
      "id": "relation/14142208"
    },
    {
      "type": "Feature",
      "properties": {
        "@id": "relation/14384078",
        "name": "Angkha Nature Trail",
        "route": "hiking",
        "type": "route"
      },
      "geometry": {
        "type": "MultiLineString",
        "coordinates": [
          [
            [
              98.4856451,
              18.5889429
            ],
            [
              98.4855254,
              18.5889107
            ]
          ],
          [
            [
              98.4857277,
              18.5886307
            ],
            [
              98.4856896,
              18.5887043
            ],
            [
              98.4856593,
              18.5888625
            ],
            [
              98.4856451,
              18.5889429
            ],
            [
              98.4856365,
              18.5889919
            ],
            [
              98.4855848,
              18.5890759
            ],
            [
              98.4854081,
              18.5891583
            ],
            [
              98.4852496,
              18.5891322
            ],
            [
              98.4850266,
              18.589087
            ],
            [
              98.4848291,
              18.588969
            ],
            [
              98.4847735,
              18.5888626
            ],
            [
              98.4847654,
              18.5888471
            ],
            [
              98.4847828,
              18.5887713
            ],
            [
              98.4848819,
              18.5885657
            ],
            [
              98.4849689,
              18.5885821
            ],
            [
              98.4851548,
              18.5885749
            ],
            [
              98.4853824,
              18.5886144
            ],
            [
              98.4855758,
              18.5886432
            ],
            [
              98.4857277,
              18.5886307
            ],
            [
              98.4857882,
              18.5885138
            ],
            [
              98.4858016,
              18.5883512
            ],
            [
              98.4859251,
              18.5883532
            ],
            [
              98.4860398,
              18.588325
            ],
            [
              98.4861679,
              18.5883604
            ],
            [
              98.4862302,
              18.5883043
            ]
          ]
        ]
      },
      "id": "relation/14384078"
    },
    {
      "type": "Feature",
      "properties": {
        "@id": "relation/14384079",
        "route": "hiking",
        "type": "route"
      },
      "geometry": {
        "type": "MultiLineString",
        "coordinates": [
          [
            [
              98.4865009,
              18.588132
            ],
            [
              98.486488,
              18.5881005
            ],
            [
              98.4864477,
              18.5880018
            ],
            [
              98.4863692,
              18.5879652
            ]
          ],
          [
            [
              98.4873898,
              18.589249
            ],
            [
              98.4874468,
              18.5892326
            ],
            [
              98.4874701,
              18.5891799
            ],
            [
              98.487415,
              18.5890696
            ],
            [
              98.4872919,
              18.589012
            ],
            [
              98.4872413,
              18.5889285
            ],
            [
              98.4872261,
              18.5888545
            ],
            [
              98.4873567,
              18.5886622
            ],
            [
              98.4874434,
              18.5885903
            ],
            [
              98.4873798,
              18.5885547
            ],
            [
              98.487287,
              18.5885201
            ],
            [
              98.4871858,
              18.5884392
            ],
            [
              98.4871184,
              18.5884226
            ],
            [
              98.4870651,
              18.5883784
            ],
            [
              98.4869552,
              18.588251
            ],
            [
              98.4867572,
              18.5881957
            ],
            [
              98.4866214,
              18.5881584
            ],
            [
              98.4865569,
              18.5881051
            ],
            [
              98.4865009,
              18.588132
            ],
            [
              98.4864304,
              18.5882375
            ],
            [
              98.4864998,
              18.5883303
            ],
            [
              98.4866172,
              18.5884871
            ]
          ]
        ]
      },
      "id": "relation/14384079"
    },
    {
      "type": "Feature",
      "properties": {
        "@id": "relation/14391235",
        "description": "cumpolsory to hire a guide",
        "ele": "2200",
        "name": "เส้นทางศึกษาธรรมชาติ กิ่วแม่ปาน",
        "name:en": "Kew Mae Pan Nature Trail",
        "network": "lwn",
        "opening_hours": "Nov-May: 06:00-16:00",
        "roundtrip": "yes",
        "route": "hiking",
        "smoothness": "very_bad",
        "type": "route",
        "url": "https://www.chiangmaitraveller.com/kew-mae-pan-nature-trail-chiang-mai/"
      },
      "geometry": {
        "type": "LineString",
        "coordinates": [
          [
            98.4776095,
            18.5596099
          ],
          [
            98.4775733,
            18.560035
          ],
          [
            98.4774407,
            18.5604645
          ],
          [
            98.4772783,
            18.5605017
          ],
          [
            98.4770267,
            18.5610367
          ],
          [
            98.4764987,
            18.5615972
          ],
          [
            98.4763783,
            18.56162
          ],
          [
            98.4763339,
            18.5617191
          ],
          [
            98.4762683,
            18.5617567
          ],
          [
            98.4761949,
            18.5617965
          ],
          [
            98.476082,
            18.5617817
          ],
          [
            98.476225,
            18.5616417
          ],
          [
            98.4762433,
            18.5613667
          ],
          [
            98.475985,
            18.5608333
          ],
          [
            98.4757255,
            18.5605156
          ],
          [
            98.4756067,
            18.5597683
          ],
          [
            98.4754367,
            18.5593067
          ],
          [
            98.4754753,
            18.5589926
          ],
          [
            98.4753567,
            18.5585717
          ],
          [
            98.4754017,
            18.55766
          ],
          [
            98.47555,
            18.557445
          ],
          [
            98.4754942,
            18.5566975
          ],
          [
            98.4757061,
            18.5553517
          ],
          [
            98.4759886,
            18.5550856
          ],
          [
            98.4759,
            18.5549683
          ],
          [
            98.4759277,
            18.5547471
          ],
          [
            98.4760727,
            18.5551335
          ],
          [
            98.4761767,
            18.555173
          ],
          [
            98.4761112,
            18.5553855
          ],
          [
            98.4761275,
            18.5554498
          ],
          [
            98.4761584,
            18.5554967
          ],
          [
            98.4762719,
            18.5555446
          ],
          [
            98.476255,
            18.5556267
          ],
          [
            98.4763533,
            18.5556483
          ],
          [
            98.4764427,
            18.5556789
          ],
          [
            98.4762471,
            18.5559376
          ],
          [
            98.4762117,
            18.5562964
          ],
          [
            98.4761317,
            18.5563828
          ],
          [
            98.4762832,
            18.5564254
          ],
          [
            98.4761783,
            18.556495
          ],
          [
            98.4763425,
            18.5568663
          ],
          [
            98.4763133,
            18.5570483
          ],
          [
            98.4765958,
            18.5572272
          ],
          [
            98.4769705,
            18.5570098
          ],
          [
            98.47735,
            18.5566544
          ],
          [
            98.4775146,
            18.5564407
          ],
          [
            98.4775302,
            18.5562587
          ],
          [
            98.477765,
            18.5560283
          ],
          [
            98.478129,
            18.5558853
          ],
          [
            98.478108,
            18.555993
          ],
          [
            98.4783418,
            18.5560291
          ],
          [
            98.4783845,
            18.5559723
          ],
          [
            98.4784743,
            18.5560462
          ],
          [
            98.4784983,
            18.55595
          ],
          [
            98.4788367,
            18.5557294
          ],
          [
            98.4788513,
            18.5556775
          ],
          [
            98.4790281,
            18.5556862
          ],
          [
            98.4791,
            18.5558096
          ],
          [
            98.4792564,
            18.5557087
          ],
          [
            98.4793419,
            18.5558014
          ],
          [
            98.4794518,
            18.5558089
          ],
          [
            98.4794933,
            18.5557217
          ],
          [
            98.4795396,
            18.5557852
          ],
          [
            98.4796417,
            18.55576
          ],
          [
            98.4797777,
            18.5558707
          ],
          [
            98.479725,
            18.555895
          ],
          [
            98.4797567,
            18.5559917
          ],
          [
            98.4798724,
            18.5559397
          ],
          [
            98.4799617,
            18.5560783
          ],
          [
            98.4801358,
            18.5561773
          ],
          [
            98.480385,
            18.555975
          ],
          [
            98.4806192,
            18.5559457
          ],
          [
            98.4806383,
            18.5561133
          ],
          [
            98.4808993,
            18.5562095
          ],
          [
            98.4809155,
            18.5560979
          ],
          [
            98.481015,
            18.5560817
          ],
          [
            98.4810104,
            18.5562926
          ],
          [
            98.4811872,
            18.5563821
          ],
          [
            98.4811735,
            18.556285
          ],
          [
            98.4813253,
            18.5562691
          ],
          [
            98.4814983,
            18.556065
          ],
          [
            98.4816296,
            18.5560891
          ],
          [
            98.4819108,
            18.5559504
          ],
          [
            98.4819244,
            18.5559001
          ],
          [
            98.48208,
            18.5559558
          ],
          [
            98.4820917,
            18.55596
          ],
          [
            98.4822067,
            18.5560467
          ],
          [
            98.4821167,
            18.5563417
          ],
          [
            98.4819617,
            18.5564117
          ],
          [
            98.4817421,
            18.5566831
          ],
          [
            98.4817117,
            18.5569533
          ],
          [
            98.4815383,
            18.55698
          ],
          [
            98.481552,
            18.5570594
          ],
          [
            98.4814133,
            18.5573567
          ],
          [
            98.4813233,
            18.5573867
          ],
          [
            98.481445,
            18.5575583
          ],
          [
            98.481365,
            18.55756
          ],
          [
            98.4813467,
            18.5576383
          ],
          [
            98.4814317,
            18.5576617
          ],
          [
            98.4813466,
            18.5577986
          ],
          [
            98.4813817,
            18.55789
          ],
          [
            98.4812731,
            18.5579481
          ],
          [
            98.48127,
            18.5577983
          ],
          [
            98.4810467,
            18.5578217
          ],
          [
            98.4810433,
            18.557755
          ],
          [
            98.4809189,
            18.5577417
          ],
          [
            98.4808783,
            18.55777
          ],
          [
            98.4805183,
            18.557695
          ],
          [
            98.4801889,
            18.5577547
          ],
          [
            98.4801976,
            18.557808
          ],
          [
            98.4801117,
            18.5578
          ],
          [
            98.479895,
            18.5579617
          ],
          [
            98.47943,
            18.5585233
          ],
          [
            98.4793306,
            18.5589626
          ],
          [
            98.479035,
            18.55914
          ],
          [
            98.4785167,
            18.55919
          ],
          [
            98.4783467,
            18.5591333
          ],
          [
            98.4783,
            18.5592317
          ],
          [
            98.4781617,
            18.5592734
          ],
          [
            98.4780869,
            18.5592268
          ],
          [
            98.4780392,
            18.5592973
          ],
          [
            98.4779967,
            18.55936
          ],
          [
            98.4779131,
            18.5594081
          ],
          [
            98.4777733,
            18.5594467
          ],
          [
            98.4776095,
            18.5596099
          ]
        ]
      },
      "id": "relation/14391235"
    },
    {
      "type": "Feature",
      "properties": {
        "@id": "relation/17671221",
        "name:en": "Den Ya Kat-Ang Saloong Path",
        "name:ko": "덴야캇-앙살룽 길",
        "route": "hiking",
        "type": "route"
      },
      "geometry": {
        "type": "LineString",
        "coordinates": [
          [
            98.8346525,
            19.373813
          ],
          [
            98.8348039,
            19.3739684
          ],
          [
            98.8348563,
            19.3740306
          ],
          [
            98.834808,
            19.3741166
          ],
          [
            98.8347276,
            19.3741976
          ],
          [
            98.8346793,
            19.3743039
          ],
          [
            98.8346793,
            19.3743389
          ],
          [
            98.8346793,
            19.3744962
          ],
          [
            98.8347061,
            19.3746936
          ],
          [
            98.8348885,
            19.3751591
          ],
          [
            98.8350172,
            19.375478
          ],
          [
            98.8350226,
            19.3756146
          ],
          [
            98.8350601,
            19.3758879
          ],
          [
            98.8350548,
            19.3760144
          ],
          [
            98.8349904,
            19.3761966
          ],
          [
            98.8350172,
            19.3763079
          ],
          [
            98.8351674,
            19.3764749
          ],
          [
            98.8352801,
            19.3765204
          ],
          [
            98.8354786,
            19.3765204
          ],
          [
            98.8356073,
            19.3765559
          ],
          [
            98.835838,
            19.3767684
          ],
          [
            98.8359775,
            19.3768342
          ],
          [
            98.8362135,
            19.3769253
          ],
          [
            98.8363476,
            19.3770518
          ],
          [
            98.8365997,
            19.377487
          ],
          [
            98.836707,
            19.3776034
          ],
          [
            98.8370289,
            19.3778716
          ],
          [
            98.8372542,
            19.3781803
          ],
          [
            98.8373937,
            19.3783017
          ],
          [
            98.8376941,
            19.3784434
          ],
          [
            98.8380213,
            19.3784738
          ],
          [
            98.838252,
            19.3784333
          ],
          [
            98.8384506,
            19.3784036
          ],
          [
            98.8385793,
            19.3783813
          ],
          [
            98.8387263,
            19.3784011
          ],
          [
            98.8388796,
            19.3784637
          ],
          [
            98.8395111,
            19.3788081
          ],
          [
            98.8399649,
            19.3790042
          ],
          [
            98.8402863,
            19.3792361
          ],
          [
            98.8408156,
            19.3791291
          ],
          [
            98.8410992,
            19.3789864
          ],
          [
            98.8417609,
            19.3789864
          ],
          [
            98.8427629,
            19.3792896
          ],
          [
            98.8432545,
            19.379896
          ],
          [
            98.8441809,
            19.3801813
          ],
          [
            98.8452018,
            19.380752
          ],
          [
            98.8457311,
            19.3808234
          ],
          [
            98.8462983,
            19.3813406
          ],
          [
            98.8466386,
            19.3813049
          ],
          [
            98.8468277,
            19.3816973
          ],
          [
            98.8468277,
            19.3821966
          ],
          [
            98.8469222,
            19.3824106
          ],
          [
            98.8468631,
            19.382536
          ],
          [
            98.8466953,
            19.3828922
          ],
          [
            98.84696,
            19.3835342
          ],
          [
            98.8468088,
            19.3838017
          ],
          [
            98.8469411,
            19.3841049
          ],
          [
            98.8478449,
            19.3845475
          ],
          [
            98.8481664,
            19.384705
          ],
          [
            98.8488531,
            19.3846038
          ],
          [
            98.8490247,
            19.3848872
          ],
          [
            98.8491106,
            19.3850896
          ],
          [
            98.849411,
            19.385454
          ],
          [
            98.8494539,
            19.3856969
          ],
          [
            98.8498616,
            19.3860005
          ],
          [
            98.8503766,
            19.3860005
          ],
          [
            98.8510632,
            19.3862029
          ],
          [
            98.8514495,
            19.3862636
          ],
          [
            98.8521361,
            19.3867899
          ],
          [
            98.8526082,
            19.3874376
          ],
          [
            98.8526511,
            19.3881258
          ],
          [
            98.8529086,
            19.3882675
          ],
          [
            98.8532304,
            19.3881663
          ],
          [
            98.8537025,
            19.3880853
          ],
          [
            98.8541746,
            19.3881663
          ],
          [
            98.8549256,
            19.3883889
          ],
          [
            98.8555264,
            19.3890366
          ],
          [
            98.8560199,
            19.3890164
          ],
          [
            98.8565564,
            19.3894819
          ],
          [
            98.8569641,
            19.3894617
          ],
          [
            98.8572144,
            19.3895224
          ],
          [
            98.8575005,
            19.3895831
          ],
          [
            98.8578009,
            19.389745
          ],
          [
            98.8581872,
            19.3898462
          ],
          [
            98.8586592,
            19.3898462
          ],
          [
            98.8587236,
            19.3900082
          ],
          [
            98.8594961,
            19.3902511
          ],
          [
            98.8601184,
            19.3905142
          ],
          [
            98.8604831,
            19.3907571
          ],
          [
            98.8611054,
            19.3908583
          ],
          [
            98.8613532,
            19.3909144
          ],
          [
            98.8616419,
            19.3909797
          ],
          [
            98.8620495,
            19.3909797
          ],
          [
            98.862307,
            19.3911012
          ],
          [
            98.863101,
            19.3915465
          ],
          [
            98.8633585,
            19.3919108
          ],
          [
            98.8637018,
            19.3922144
          ],
          [
            98.8641739,
            19.3925382
          ],
          [
            98.8647532,
            19.3928216
          ],
          [
            98.8649463,
            19.3929835
          ],
          [
            98.8651307,
            19.3930719
          ],
          [
            98.8653278,
            19.3931547
          ],
          [
            98.8654645,
            19.3931948
          ],
          [
            98.8655314,
            19.3931575
          ],
          [
            98.8655982,
            19.3931461
          ],
          [
            98.8657288,
            19.393169
          ],
          [
            98.8658321,
            19.3932034
          ],
          [
            98.8659081,
            19.3932148
          ],
          [
            98.8659901,
            19.3932406
          ],
          [
            98.8661602,
            19.3932836
          ],
          [
            98.866303,
            19.3932635
          ],
          [
            98.8664337,
            19.3933037
          ],
          [
            98.8664762,
            19.3932893
          ],
          [
            98.8665795,
            19.3933323
          ],
          [
            98.8667375,
            19.3933295
          ],
          [
            98.8668165,
            19.3933467
          ],
          [
            98.8669046,
            19.3933094
          ],
          [
            98.8669532,
            19.3933123
          ],
          [
            98.8669896,
            19.3933065
          ],
          [
            98.8671567,
            19.3933266
          ],
          [
            98.8673238,
            19.3933266
          ],
          [
            98.8673663,
            19.3932922
          ],
          [
            98.8674362,
            19.3932779
          ],
          [
            98.8675091,
            19.3933037
          ],
          [
            98.8675516,
            19.3932865
          ],
          [
            98.8676853,
            19.3933524
          ],
          [
            98.8677218,
            19.3933896
          ],
          [
            98.8677613,
            19.3933896
          ],
          [
            98.8678008,
            19.3934154
          ],
          [
            98.8678372,
            19.393404
          ],
          [
            98.867898,
            19.3934183
          ],
          [
            98.8680377,
            19.3933925
          ],
          [
            98.8681349,
            19.3934269
          ],
          [
            98.8681927,
            19.3934269
          ],
          [
            98.8682504,
            19.3934555
          ],
          [
            98.868296,
            19.3934412
          ],
          [
            98.8683385,
            19.393381
          ],
          [
            98.8684843,
            19.3933896
          ],
          [
            98.8685511,
            19.3933524
          ],
          [
            98.868621,
            19.3933467
          ],
          [
            98.8686787,
            19.3933209
          ],
          [
            98.8687304,
            19.3933552
          ],
          [
            98.8688094,
            19.393404
          ],
          [
            98.8689704,
            19.3934641
          ],
          [
            98.8690706,
            19.393424
          ],
          [
            98.8691466,
            19.3933638
          ],
          [
            98.8692286,
            19.3933581
          ],
          [
            98.8693076,
            19.3933638
          ],
          [
            98.8693927,
            19.3933524
          ],
          [
            98.8694747,
            19.3933037
          ],
          [
            98.8695263,
            19.3932951
          ],
          [
            98.8695993,
            19.3932521
          ],
          [
            98.86966,
            19.3932893
          ],
          [
            98.8697056,
            19.3932893
          ],
          [
            98.8697572,
            19.3932721
          ],
          [
            98.8698453,
            19.393275
          ],
          [
            98.8699608,
            19.3933094
          ],
          [
            98.8701036,
            19.3933323
          ],
          [
            98.8702889,
            19.3932664
          ],
          [
            98.8703648,
            19.3932578
          ],
          [
            98.8704013,
            19.3932578
          ],
          [
            98.8704833,
            19.393232
          ],
          [
            98.8705866,
            19.3932406
          ],
          [
            98.8706109,
            19.3932263
          ],
          [
            98.8706626,
            19.3932234
          ],
          [
            98.8707476,
            19.393169
          ],
          [
            98.8707658,
            19.3931518
          ],
          [
            98.870857,
            19.3931317
          ],
          [
            98.8709299,
            19.3931346
          ],
          [
            98.8710058,
            19.3931002
          ],
          [
            98.8711091,
            19.3931002
          ],
          [
            98.8711699,
            19.3930744
          ],
          [
            98.8712307,
            19.3930744
          ],
          [
            98.8712945,
            19.3930916
          ],
          [
            98.8713339,
            19.3930744
          ],
          [
            98.8713886,
            19.3930544
          ],
          [
            98.871419,
            19.393063
          ],
          [
            98.8715527,
            19.3930314
          ],
          [
            98.8715891,
            19.3930544
          ],
          [
            98.8717076,
            19.3930343
          ],
          [
            98.8719112,
            19.3931059
          ],
          [
            98.8719385,
            19.3931059
          ],
          [
            98.871975,
            19.3931317
          ],
          [
            98.8720843,
            19.3931317
          ],
          [
            98.8721481,
            19.3931489
          ],
          [
            98.8722089,
            19.3931317
          ],
          [
            98.8723091,
            19.3931575
          ],
          [
            98.8724124,
            19.3931804
          ],
          [
            98.8724762,
            19.393212
          ],
          [
            98.8725947,
            19.3932148
          ],
          [
            98.872698,
            19.3931948
          ],
          [
            98.8727709,
            19.3931489
          ],
          [
            98.8728226,
            19.393126
          ],
          [
            98.8729198,
            19.3930973
          ],
          [
            98.8729137,
            19.3930716
          ],
          [
            98.8729502,
            19.3930056
          ],
          [
            98.8730443,
            19.3929541
          ],
          [
            98.873099,
            19.392934
          ],
          [
            98.8731416,
            19.3928595
          ],
          [
            98.8732145,
            19.3928423
          ],
          [
            98.8732327,
            19.3927907
          ],
          [
            98.8732904,
            19.3927821
          ],
          [
            98.8733086,
            19.3927506
          ],
          [
            98.8733785,
            19.3927363
          ],
          [
            98.8734514,
            19.3927248
          ],
          [
            98.8735335,
            19.3927162
          ],
          [
            98.8735638,
            19.3926847
          ],
          [
            98.8735912,
            19.3926904
          ],
          [
            98.8736216,
            19.3926188
          ],
          [
            98.8736671,
            19.3925901
          ],
          [
            98.8736671,
            19.3925529
          ],
          [
            98.8736884,
            19.3925242
          ],
          [
            98.87374,
            19.3925156
          ],
          [
            98.8738312,
            19.3925357
          ],
          [
            98.873977,
            19.392401
          ],
          [
            98.874056,
            19.3922978
          ],
          [
            98.8741836,
            19.3922548
          ],
          [
            98.8743294,
            19.3921488
          ],
          [
            98.8744388,
            19.3921574
          ],
          [
            98.8744935,
            19.3921374
          ],
          [
            98.874536,
            19.3921374
          ],
          [
            98.8745694,
            19.3921288
          ],
          [
            98.8746909,
            19.3921316
          ],
          [
            98.8747487,
            19.3921545
          ],
          [
            98.8748732,
            19.3921116
          ],
          [
            98.8749097,
            19.3921116
          ],
          [
            98.8749552,
            19.3920714
          ],
          [
            98.8750828,
            19.3921001
          ],
          [
            98.8752195,
            19.3921259
          ],
          [
            98.8753714,
            19.3921288
          ],
          [
            98.8753957,
            19.3921545
          ],
          [
            98.8754413,
            19.3921574
          ],
          [
            98.8755446,
            19.3922147
          ],
          [
            98.8756023,
            19.3922778
          ],
          [
            98.8756631,
            19.3924268
          ],
          [
            98.875739,
            19.3926131
          ],
          [
            98.8757785,
            19.3926503
          ],
          [
            98.8758575,
            19.3926589
          ],
          [
            98.8759851,
            19.3926102
          ],
          [
            98.8760914,
            19.3926016
          ],
          [
            98.876219,
            19.3926131
          ],
          [
            98.8762737,
            19.3925701
          ],
          [
            98.8764742,
            19.3925156
          ],
          [
            98.8765198,
            19.3924612
          ],
          [
            98.8766322,
            19.3923953
          ],
          [
            98.8767507,
            19.3922892
          ],
          [
            98.876772,
            19.3922491
          ],
          [
            98.8768327,
            19.3922491
          ],
          [
            98.8768874,
            19.3922291
          ],
          [
            98.8769907,
            19.3922319
          ],
          [
            98.8770879,
            19.3921574
          ],
          [
            98.877179,
            19.3920313
          ],
          [
            98.8772307,
            19.3920256
          ],
          [
            98.8773735,
            19.3919167
          ],
          [
            98.8774828,
            19.3918995
          ],
          [
            98.8775406,
            19.3919081
          ],
          [
            98.8775558,
            19.3919654
          ],
          [
            98.8776044,
            19.3919769
          ],
          [
            98.8776742,
            19.3920141
          ],
          [
            98.8777228,
            19.3920141
          ],
          [
            98.8777927,
            19.3920514
          ],
          [
            98.8779173,
            19.3920227
          ],
          [
            98.8780054,
            19.3919081
          ],
          [
            98.8780479,
            19.3917906
          ],
          [
            98.8781056,
            19.3917505
          ],
          [
            98.8782575,
            19.3917591
          ],
          [
            98.8783001,
            19.3917476
          ],
          [
            98.8783396,
            19.391719
          ],
          [
            98.8784672,
            19.3916932
          ],
          [
            98.8785522,
            19.3916874
          ],
          [
            98.878613,
            19.3916502
          ],
          [
            98.8786768,
            19.3916903
          ],
          [
            98.878771,
            19.3916903
          ],
          [
            98.8789441,
            19.3917419
          ],
          [
            98.8789988,
            19.3917304
          ],
          [
            98.8790474,
            19.3917448
          ],
          [
            98.8792327,
            19.3917591
          ],
          [
            98.8794302,
            19.391888
          ],
          [
            98.8794424,
            19.391931
          ],
          [
            98.8796064,
            19.391974
          ],
          [
            98.8798464,
            19.3921488
          ],
          [
            98.8799679,
            19.3921374
          ],
          [
            98.8800287,
            19.3921889
          ],
          [
            98.8800712,
            19.3921947
          ],
          [
            98.8801107,
            19.392252
          ],
          [
            98.8800986,
            19.3922921
          ],
          [
            98.8801806,
            19.3923179
          ],
          [
            98.8802079,
            19.3923437
          ],
          [
            98.8802687,
            19.3923379
          ],
          [
            98.880296,
            19.3923523
          ],
          [
            98.8803568,
            19.3923437
          ],
          [
            98.8806241,
            19.3924296
          ],
          [
            98.8807548,
            19.3925271
          ],
          [
            98.8807882,
            19.3925643
          ],
          [
            98.8808976,
            19.3925873
          ],
          [
            98.8809705,
            19.3926962
          ],
          [
            98.881092,
            19.3927793
          ],
          [
            98.8810889,
            19.3928939
          ],
          [
            98.8811072,
            19.3929799
          ],
          [
            98.8810829,
            19.3930343
          ],
          [
            98.8810829,
            19.3931002
          ],
          [
            98.8811133,
            19.3931346
          ],
          [
            98.8810738,
            19.3932005
          ],
          [
            98.8811041,
            19.3932635
          ],
          [
            98.8812105,
            19.3933438
          ],
          [
            98.8812287,
            19.3934727
          ],
          [
            98.8813502,
            19.3935988
          ],
          [
            98.8814049,
            19.3936877
          ],
          [
            98.8814079,
            19.3937507
          ],
          [
            98.8814687,
            19.3938023
          ],
          [
            98.8815325,
            19.3939628
          ],
          [
            98.8816662,
            19.3941519
          ],
          [
            98.8817786,
            19.3943124
          ],
          [
            98.8818484,
            19.3943697
          ],
          [
            98.8818606,
            19.3944041
          ],
          [
            98.8819031,
            19.3944069
          ],
          [
            98.8819548,
            19.3944585
          ],
          [
            98.8820398,
            19.3944585
          ],
          [
            98.8821067,
            19.3944872
          ],
          [
            98.8821522,
            19.3944958
          ],
          [
            98.8821887,
            19.3945359
          ],
          [
            98.8822252,
            19.3945359
          ],
          [
            98.8822616,
            19.3945588
          ],
          [
            98.8822707,
            19.3945932
          ],
          [
            98.8823406,
            19.3946075
          ],
          [
            98.8823679,
            19.3946304
          ],
          [
            98.8824712,
            19.3947164
          ],
          [
            98.8825229,
            19.3947193
          ],
          [
            98.8825593,
            19.3947795
          ],
          [
            98.8826079,
            19.3947966
          ],
          [
            98.8826596,
            19.3947909
          ],
          [
            98.8827963,
            19.3947279
          ],
          [
            98.8828783,
            19.3947393
          ],
          [
            98.8829239,
            19.3947021
          ],
          [
            98.8829786,
            19.394662
          ],
          [
            98.8830971,
            19.3946677
          ],
          [
            98.8832702,
            19.3946133
          ],
          [
            98.8833371,
            19.3945789
          ],
          [
            98.8833614,
            19.3945187
          ],
          [
            98.8834039,
            19.3945015
          ],
          [
            98.8834464,
            19.3945473
          ],
          [
            98.8835406,
            19.3945359
          ],
          [
            98.8836226,
            19.3945387
          ],
          [
            98.8837745,
            19.3944929
          ],
          [
            98.8838049,
            19.3944843
          ],
          [
            98.8838961,
            19.3944872
          ],
          [
            98.8840085,
            19.3944929
          ],
          [
            98.8840966,
            19.3944786
          ],
          [
            98.8841725,
            19.3945072
          ],
          [
            98.8843274,
            19.3945903
          ],
          [
            98.8844125,
            19.3945846
          ],
          [
            98.8844125,
            19.3945559
          ],
          [
            98.8844642,
            19.3945359
          ],
          [
            98.8846009,
            19.3943639
          ],
          [
            98.8846434,
            19.3943668
          ],
          [
            98.8847831,
            19.3943066
          ],
          [
            98.8847983,
            19.3942551
          ],
          [
            98.8848044,
            19.3941691
          ],
          [
            98.8848257,
            19.3941146
          ],
          [
            98.8848986,
            19.3940631
          ],
          [
            98.8849138,
            19.3939628
          ],
          [
            98.8849381,
            19.3939398
          ],
          [
            98.8849381,
            19.3938625
          ],
          [
            98.8849624,
            19.3938395
          ],
          [
            98.8849745,
            19.3937765
          ],
          [
            98.8850353,
            19.3937478
          ],
          [
            98.8850657,
            19.3936905
          ],
          [
            98.8849988,
            19.393573
          ],
          [
            98.8849928,
            19.3935243
          ],
          [
            98.885014,
            19.3934584
          ],
          [
            98.8850383,
            19.393424
          ],
          [
            98.8850414,
            19.3933954
          ],
          [
            98.8850748,
            19.3933638
          ],
          [
            98.8850869,
            19.3933123
          ],
          [
            98.8851781,
            19.3932721
          ],
          [
            98.8852085,
            19.3932922
          ],
          [
            98.8852419,
            19.3932349
          ],
          [
            98.885333,
            19.3931948
          ],
          [
            98.8854272,
            19.3931718
          ],
          [
            98.8854545,
            19.3931059
          ],
          [
            98.8855062,
            19.3930286
          ],
          [
            98.8855092,
            19.3929913
          ],
          [
            98.8855366,
            19.3929598
          ],
          [
            98.8855032,
            19.3928136
          ],
          [
            98.8855548,
            19.3927678
          ],
          [
            98.8856095,
            19.3926876
          ],
          [
            98.8856307,
            19.3926188
          ],
          [
            98.8856824,
            19.3925844
          ],
          [
            98.8856915,
            19.3925242
          ],
          [
            98.885731,
            19.3924898
          ],
          [
            98.8857796,
            19.3924984
          ],
          [
            98.8858434,
            19.3925414
          ],
          [
            98.8859558,
            19.3925328
          ],
          [
            98.8860226,
            19.392487
          ],
          [
            98.886208,
            19.3923924
          ],
          [
            98.8862414,
            19.3923494
          ],
          [
            98.8862687,
            19.3923322
          ],
          [
            98.8864054,
            19.3923122
          ],
          [
            98.8865482,
            19.3922548
          ],
          [
            98.8865786,
            19.3922663
          ],
          [
            98.886609,
            19.392272
          ],
          [
            98.8867973,
            19.3922319
          ],
          [
            98.886928,
            19.3922749
          ],
          [
            98.8869857,
            19.3922319
          ],
          [
            98.8870252,
            19.3922491
          ],
          [
            98.8871133,
            19.3922692
          ],
          [
            98.887168,
            19.3922892
          ],
          [
            98.887247,
            19.3922864
          ],
          [
            98.887332,
            19.3923294
          ],
          [
            98.887408,
            19.3923465
          ],
          [
            98.8874657,
            19.3923294
          ],
          [
            98.88749,
            19.3922978
          ],
          [
            98.8876024,
            19.3922663
          ],
          [
            98.8876996,
            19.3922692
          ],
          [
            98.8877543,
            19.3923007
          ],
          [
            98.8878211,
            19.3922892
          ],
          [
            98.8878515,
            19.3923179
          ],
          [
            98.8879001,
            19.3923351
          ],
          [
            98.8879366,
            19.392444
          ],
          [
            98.8879609,
            19.3924755
          ],
          [
            98.8879791,
            19.3925643
          ],
          [
            98.8880288,
            19.3926304
          ],
          [
            98.888125,
            19.3928005
          ],
          [
            98.8882973,
            19.393069
          ],
          [
            98.8883775,
            19.3931295
          ],
          [
            98.8885138,
            19.3931295
          ],
          [
            98.888578,
            19.3931333
          ],
          [
            98.8886541,
            19.3931749
          ],
          [
            98.8886782,
            19.3932278
          ],
          [
            98.8886822,
            19.393277
          ],
          [
            98.8887303,
            19.3933337
          ],
          [
            98.8887864,
            19.3933715
          ],
          [
            98.8888265,
            19.3933715
          ],
          [
            98.8888586,
            19.3933488
          ],
          [
            98.8889227,
            19.3933526
          ],
          [
            98.8889387,
            19.3933791
          ],
          [
            98.8890389,
            19.3935
          ],
          [
            98.8891271,
            19.3936248
          ],
          [
            98.8892795,
            19.3936702
          ],
          [
            98.8893316,
            19.3937269
          ],
          [
            98.8894318,
            19.3937572
          ],
          [
            98.8894999,
            19.3937647
          ],
          [
            98.8896042,
            19.393761
          ],
          [
            98.8896603,
            19.3937383
          ],
          [
            98.8897605,
            19.3937345
          ]
        ]
      },
      "id": "relation/17671221"
    },
    {
      "type": "Feature",
      "properties": {
        "@id": "relation/17947423",
        "name": "Pa Dok Siew Walking Trail",
        "route": "hiking",
        "type": "route"
      },
      "geometry": {
        "type": "LineString",
        "coordinates": [
          [
            98.5450084,
            18.538634
          ],
          [
            98.5449166,
            18.5384509
          ],
          [
            98.5448212,
            18.538392
          ],
          [
            98.5447224,
            18.5382788
          ],
          [
            98.5446663,
            18.538116
          ],
          [
            98.5446557,
            18.5380044
          ],
          [
            98.5445808,
            18.5379495
          ],
          [
            98.5444773,
            18.5380349
          ],
          [
            98.5443988,
            18.5381343
          ],
          [
            98.5443026,
            18.5382348
          ],
          [
            98.544186,
            18.5383352
          ],
          [
            98.5441016,
            18.5386221
          ],
          [
            98.5440624,
            18.5389021
          ],
          [
            98.5439811,
            18.5390792
          ],
          [
            98.5437894,
            18.5392993
          ],
          [
            98.5436146,
            18.5394586
          ],
          [
            98.5434762,
            18.5395803
          ],
          [
            98.5432856,
            18.5396545
          ],
          [
            98.5430301,
            18.5396085
          ],
          [
            98.5426982,
            18.5394305
          ],
          [
            98.5425286,
            18.5393378
          ],
          [
            98.5422079,
            18.5391909
          ],
          [
            98.5420177,
            18.5390984
          ],
          [
            98.5419272,
            18.5390315
          ],
          [
            98.5417561,
            18.5389394
          ],
          [
            98.5416689,
            18.5388718
          ],
          [
            98.5415901,
            18.5386681
          ],
          [
            98.5415648,
            18.5384862
          ],
          [
            98.5414484,
            18.5381874
          ],
          [
            98.5413223,
            18.5379438
          ],
          [
            98.5413207,
            18.5377376
          ],
          [
            98.541273,
            18.5375408
          ],
          [
            98.5413042,
            18.5373963
          ],
          [
            98.5412182,
            18.5372979
          ],
          [
            98.5411397,
            18.5371652
          ],
          [
            98.5410594,
            18.5370255
          ],
          [
            98.5409262,
            18.5369356
          ],
          [
            98.5408036,
            18.5369552
          ],
          [
            98.5406813,
            18.5370248
          ],
          [
            98.5405065,
            18.5369834
          ],
          [
            98.5404194,
            18.5369291
          ],
          [
            98.5403092,
            18.5368246
          ],
          [
            98.5401886,
            18.5367648
          ],
          [
            98.5400745,
            18.5367578
          ],
          [
            98.5399441,
            18.536795
          ],
          [
            98.5398809,
            18.5368478
          ],
          [
            98.5398477,
            18.5369834
          ],
          [
            98.5397199,
            18.5368559
          ],
          [
            98.5396077,
            18.5367356
          ],
          [
            98.5393687,
            18.5365646
          ],
          [
            98.5392802,
            18.5364463
          ],
          [
            98.539224,
            18.5362926
          ],
          [
            98.5391435,
            18.5362438
          ],
          [
            98.5390938,
            18.5362466
          ],
          [
            98.5390538,
            18.5362488
          ],
          [
            98.5388904,
            18.5362386
          ],
          [
            98.5386461,
            18.5362245
          ],
          [
            98.5385925,
            18.536199
          ],
          [
            98.5385322,
            18.5361484
          ],
          [
            98.5384337,
            18.5361162
          ],
          [
            98.5382781,
            18.5360856
          ],
          [
            98.5381618,
            18.5360273
          ],
          [
            98.5380711,
            18.536015
          ],
          [
            98.5379877,
            18.5359954
          ],
          [
            98.5379192,
            18.5360109
          ],
          [
            98.5378869,
            18.5360432
          ],
          [
            98.537771,
            18.5361896
          ],
          [
            98.5377037,
            18.5363397
          ],
          [
            98.5375664,
            18.5364979
          ],
          [
            98.53744,
            18.5365381
          ],
          [
            98.5373513,
            18.5366222
          ],
          [
            98.5373177,
            18.536772
          ],
          [
            98.5372841,
            18.5368867
          ],
          [
            98.5371967,
            18.5370902
          ],
          [
            98.5370413,
            18.5372329
          ],
          [
            98.5370614,
            18.5374213
          ],
          [
            98.5369546,
            18.5375997
          ],
          [
            98.5368512,
            18.5377864
          ],
          [
            98.5366258,
            18.537937
          ],
          [
            98.5365355,
            18.5381385
          ],
          [
            98.5365355,
            18.5382692
          ],
          [
            98.5364483,
            18.5383728
          ],
          [
            98.5363354,
            18.5383765
          ],
          [
            98.5363051,
            18.5383341
          ],
          [
            98.5361975,
            18.5383104
          ],
          [
            98.5360583,
            18.5383397
          ],
          [
            98.5359675,
            18.5384685
          ],
          [
            98.5359063,
            18.5385168
          ],
          [
            98.5358104,
            18.5385002
          ],
          [
            98.5357311,
            18.5383825
          ],
          [
            98.5356534,
            18.538314
          ],
          [
            98.5355527,
            18.5382687
          ],
          [
            98.5354449,
            18.5381743
          ],
          [
            98.5352538,
            18.538051
          ],
          [
            98.5350926,
            18.537799
          ],
          [
            98.5350576,
            18.5376764
          ],
          [
            98.5349241,
            18.5376136
          ],
          [
            98.5348431,
            18.537679
          ],
          [
            98.534655,
            18.5377553
          ],
          [
            98.5345678,
            18.5377686
          ],
          [
            98.5344389,
            18.5377714
          ],
          [
            98.5342691,
            18.5377513
          ],
          [
            98.5341768,
            18.5377278
          ],
          [
            98.534104,
            18.5376966
          ],
          [
            98.5339544,
            18.5376802
          ],
          [
            98.533874,
            18.5377
          ],
          [
            98.5338398,
            18.537778
          ],
          [
            98.5337699,
            18.537775
          ],
          [
            98.5336068,
            18.5377651
          ],
          [
            98.5335104,
            18.5377557
          ],
          [
            98.5334566,
            18.5377334
          ],
          [
            98.5334129,
            18.5377797
          ],
          [
            98.5333217,
            18.5378171
          ],
          [
            98.5331939,
            18.5378473
          ],
          [
            98.5331476,
            18.5379583
          ],
          [
            98.5332358,
            18.5381976
          ],
          [
            98.5333788,
            18.5383384
          ],
          [
            98.5335305,
            18.5385641
          ],
          [
            98.5335642,
            18.5387235
          ],
          [
            98.5335709,
            18.5388191
          ],
          [
            98.5335104,
            18.5390039
          ],
          [
            98.5335171,
            18.5391059
          ],
          [
            98.5335776,
            18.5391951
          ],
          [
            98.5335613,
            18.5394535
          ],
          [
            98.5335585,
            18.5397349
          ],
          [
            98.5335952,
            18.5400041
          ],
          [
            98.5334123,
            18.5401476
          ],
          [
            98.5332033,
            18.5401885
          ],
          [
            98.53299,
            18.5402236
          ],
          [
            98.5327254,
            18.5402808
          ],
          [
            98.5322756,
            18.5404465
          ],
          [
            98.5320304,
            18.5404882
          ],
          [
            98.5316747,
            18.5405398
          ],
          [
            98.5312283,
            18.5404757
          ],
          [
            98.5310594,
            18.5405232
          ],
          [
            98.530815,
            18.5404893
          ],
          [
            98.5305847,
            18.5404073
          ],
          [
            98.5304318,
            18.5404554
          ],
          [
            98.5303709,
            18.5406027
          ],
          [
            98.5303661,
            18.5406684
          ],
          [
            98.5304045,
            18.5407302
          ],
          [
            98.5303125,
            18.5408268
          ]
        ]
      },
      "id": "relation/17947423"
    },
    {
      "type": "Feature",
      "properties": {
        "@id": "relation/18860849",
        "name": "เส้นทางศูนย์บริการนักท่องเที่ยว - น้ำตกเหวสุวัต",
        "name:en": "Visitor Center - Haew Suwat Waterfall",
        "ref": "6",
        "route": "hiking",
        "type": "route"
      },
      "geometry": {
        "type": "LineString",
        "coordinates": [
          [
            101.3723208,
            14.4391942
          ],
          [
            101.3723066,
            14.4391542
          ],
          [
            101.3721671,
            14.439123
          ],
          [
            101.3720577,
            14.4391562
          ],
          [
            101.3719654,
            14.4392331
          ],
          [
            101.371944,
            14.439364
          ],
          [
            101.3718925,
            14.4394804
          ],
          [
            101.3720848,
            14.4394955
          ],
          [
            101.3720659,
            14.4397432
          ],
          [
            101.3720067,
            14.4399211
          ],
          [
            101.3719559,
            14.4400659
          ],
          [
            101.3720055,
            14.4402355
          ],
          [
            101.3720774,
            14.4404042
          ],
          [
            101.3723731,
            14.4406228
          ],
          [
            101.372347,
            14.4408363
          ],
          [
            101.3726313,
            14.4415307
          ],
          [
            101.3728196,
            14.4416027
          ],
          [
            101.3729188,
            14.4420668
          ],
          [
            101.3730254,
            14.4421555
          ],
          [
            101.3732773,
            14.4422837
          ],
          [
            101.3734351,
            14.4423197
          ],
          [
            101.3735294,
            14.4425679
          ],
          [
            101.3737882,
            14.4427409
          ],
          [
            101.3738965,
            14.4427187
          ],
          [
            101.3741046,
            14.4426029
          ],
          [
            101.3744042,
            14.4425774
          ],
          [
            101.374629,
            14.4426272
          ],
          [
            101.3748886,
            14.4428986
          ],
          [
            101.3749541,
            14.4430199
          ],
          [
            101.375051,
            14.4430337
          ],
          [
            101.3751393,
            14.4430889
          ],
          [
            101.3751943,
            14.4432383
          ],
          [
            101.3754042,
            14.4434999
          ],
          [
            101.3757232,
            14.4438282
          ],
          [
            101.375897,
            14.443944
          ],
          [
            101.3760252,
            14.4441316
          ],
          [
            101.3764667,
            14.4445123
          ],
          [
            101.3765595,
            14.4446539
          ],
          [
            101.3768218,
            14.4449793
          ],
          [
            101.3772068,
            14.445337
          ],
          [
            101.3775169,
            14.4454786
          ],
          [
            101.3779509,
            14.4455369
          ],
          [
            101.378495,
            14.4453843
          ],
          [
            101.3787857,
            14.4453753
          ],
          [
            101.3789962,
            14.4455219
          ],
          [
            101.3795584,
            14.4456695
          ],
          [
            101.3802757,
            14.4455597
          ],
          [
            101.3805421,
            14.4456522
          ],
          [
            101.3807424,
            14.4456824
          ],
          [
            101.3809378,
            14.4459001
          ],
          [
            101.3810628,
            14.4460703
          ],
          [
            101.3811595,
            14.4461401
          ],
          [
            101.3812898,
            14.4461494
          ],
          [
            101.3815455,
            14.446144
          ],
          [
            101.3818232,
            14.4462296
          ],
          [
            101.3820162,
            14.4461986
          ],
          [
            101.3824915,
            14.4463375
          ],
          [
            101.3825955,
            14.4463587
          ],
          [
            101.382717,
            14.4464618
          ],
          [
            101.3827707,
            14.4465656
          ],
          [
            101.3828035,
            14.4468577
          ],
          [
            101.3827586,
            14.4471694
          ],
          [
            101.3828031,
            14.4473547
          ],
          [
            101.3832243,
            14.4477174
          ],
          [
            101.3835686,
            14.4477038
          ],
          [
            101.3840137,
            14.4477944
          ],
          [
            101.384174,
            14.447859
          ],
          [
            101.3843208,
            14.4478547
          ],
          [
            101.3849616,
            14.4481491
          ],
          [
            101.3851851,
            14.4481493
          ],
          [
            101.3853134,
            14.4482167
          ],
          [
            101.3854068,
            14.4482167
          ],
          [
            101.3856783,
            14.4483029
          ],
          [
            101.3857718,
            14.4484581
          ],
          [
            101.3858653,
            14.448471
          ],
          [
            101.3861279,
            14.4484495
          ],
          [
            101.3864439,
            14.4486779
          ],
          [
            101.3865418,
            14.4488202
          ],
          [
            101.3866753,
            14.4488374
          ],
          [
            101.3866976,
            14.4488891
          ],
          [
            101.3867733,
            14.4489365
          ],
          [
            101.3869468,
            14.4489193
          ],
          [
            101.3871427,
            14.4488848
          ],
          [
            101.3873657,
            14.4488724
          ],
          [
            101.3875666,
            14.448908
          ],
          [
            101.3878759,
            14.4489537
          ],
          [
            101.3881021,
            14.4489219
          ],
          [
            101.3883074,
            14.4489593
          ],
          [
            101.3884312,
            14.4491149
          ],
          [
            101.388477,
            14.4492514
          ],
          [
            101.3887721,
            14.4493132
          ],
          [
            101.388976,
            14.4492966
          ],
          [
            101.3892775,
            14.4494957
          ],
          [
            101.3896138,
            14.4492801
          ],
          [
            101.3897876,
            14.4490302
          ],
          [
            101.3902559,
            14.4490452
          ],
          [
            101.3906099,
            14.4488891
          ],
          [
            101.3909571,
            14.4488546
          ],
          [
            101.3911906,
            14.4487773
          ],
          [
            101.3913747,
            14.4486483
          ],
          [
            101.3914083,
            14.4485158
          ],
          [
            101.3913694,
            14.4484231
          ],
          [
            101.3913976,
            14.4483226
          ],
          [
            101.3918088,
            14.4481876
          ],
          [
            101.3918673,
            14.4481067
          ],
          [
            101.392047,
            14.4480643
          ],
          [
            101.3922847,
            14.447935
          ],
          [
            101.3923724,
            14.4478375
          ],
          [
            101.392497,
            14.4475832
          ],
          [
            101.3927401,
            14.4473187
          ],
          [
            101.3928931,
            14.447221
          ],
          [
            101.3929455,
            14.4470521
          ],
          [
            101.3930712,
            14.4468763
          ],
          [
            101.3933472,
            14.4466392
          ],
          [
            101.3934668,
            14.446486
          ],
          [
            101.3936749,
            14.4463987
          ],
          [
            101.3938145,
            14.4462212
          ],
          [
            101.394175,
            14.446066
          ],
          [
            101.3943753,
            14.4460574
          ],
          [
            101.3945845,
            14.4461048
          ],
          [
            101.3947269,
            14.4460703
          ],
          [
            101.394893,
            14.4460922
          ],
          [
            101.395231,
            14.4462325
          ],
          [
            101.395511,
            14.4464452
          ],
          [
            101.3955904,
            14.4465701
          ],
          [
            101.3956441,
            14.4467416
          ],
          [
            101.3958706,
            14.4469599
          ],
          [
            101.3960357,
            14.4471675
          ],
          [
            101.3960622,
            14.4472599
          ],
          [
            101.3960666,
            14.4474237
          ],
          [
            101.3961378,
            14.4475487
          ],
          [
            101.3961612,
            14.4477149
          ],
          [
            101.3962892,
            14.4479624
          ],
          [
            101.3964347,
            14.4481352
          ],
          [
            101.3964021,
            14.4487002
          ],
          [
            101.3962405,
            14.4489892
          ],
          [
            101.3962678,
            14.4493533
          ],
          [
            101.3963086,
            14.449697
          ],
          [
            101.3964813,
            14.4501156
          ],
          [
            101.3963937,
            14.4502205
          ],
          [
            101.3964739,
            14.4504075
          ],
          [
            101.3964733,
            14.4505215
          ],
          [
            101.3964197,
            14.4507042
          ],
          [
            101.396609,
            14.4508972
          ],
          [
            101.3968592,
            14.451068
          ],
          [
            101.3970108,
            14.4511756
          ],
          [
            101.3971439,
            14.451154
          ],
          [
            101.3972375,
            14.4511746
          ],
          [
            101.397358,
            14.4512472
          ],
          [
            101.3977366,
            14.451031
          ],
          [
            101.3982933,
            14.4510528
          ],
          [
            101.3984626,
            14.451184
          ],
          [
            101.3987147,
            14.4512934
          ],
          [
            101.3989808,
            14.4512284
          ],
          [
            101.3991101,
            14.4510141
          ],
          [
            101.3993145,
            14.4508725
          ],
          [
            101.3994449,
            14.4508978
          ],
          [
            101.399588,
            14.4508261
          ],
          [
            101.3996536,
            14.4506883
          ],
          [
            101.3999343,
            14.450497
          ],
          [
            101.4002043,
            14.4503974
          ],
          [
            101.4003331,
            14.4503899
          ],
          [
            101.4005152,
            14.450384
          ],
          [
            101.4006377,
            14.4502924
          ],
          [
            101.4008268,
            14.4502349
          ],
          [
            101.401005,
            14.4501058
          ],
          [
            101.4013191,
            14.4499331
          ],
          [
            101.4013913,
            14.4498287
          ],
          [
            101.40151,
            14.449774
          ],
          [
            101.4016924,
            14.449774
          ],
          [
            101.4018641,
            14.4497221
          ],
          [
            101.4019875,
            14.4496389
          ],
          [
            101.4020787,
            14.4495506
          ],
          [
            101.4021699,
            14.4495091
          ],
          [
            101.4023147,
            14.4495039
          ],
          [
            101.4025025,
            14.4493688
          ],
          [
            101.4025186,
            14.4493117
          ],
          [
            101.402599,
            14.4492805
          ],
          [
            101.4026741,
            14.4491662
          ],
          [
            101.4027668,
            14.4491335
          ],
          [
            101.4030765,
            14.4490623
          ],
          [
            101.4033447,
            14.4488182
          ],
          [
            101.404026,
            14.4487766
          ],
          [
            101.4041728,
            14.4487263
          ],
          [
            101.4043738,
            14.4486754
          ],
          [
            101.4044383,
            14.4486571
          ],
          [
            101.4044437,
            14.4485296
          ],
          [
            101.404486,
            14.4483939
          ],
          [
            101.4045819,
            14.448331
          ],
          [
            101.4046781,
            14.4481282
          ],
          [
            101.404762,
            14.4478938
          ],
          [
            101.4047814,
            14.4477476
          ],
          [
            101.4048085,
            14.4476147
          ],
          [
            101.4050084,
            14.4474716
          ],
          [
            101.4050432,
            14.4473453
          ],
          [
            101.4055095,
            14.4470795
          ],
          [
            101.4056483,
            14.4468875
          ],
          [
            101.4057647,
            14.4468073
          ],
          [
            101.4058827,
            14.4466956
          ],
          [
            101.4059271,
            14.4464579
          ],
          [
            101.4059647,
            14.4462426
          ],
          [
            101.4060858,
            14.4460659
          ],
          [
            101.406241,
            14.4459782
          ],
          [
            101.4063211,
            14.4458385
          ],
          [
            101.4065297,
            14.445527
          ],
          [
            101.4067214,
            14.445377
          ],
          [
            101.4069717,
            14.4452771
          ],
          [
            101.4071465,
            14.4450747
          ],
          [
            101.4073243,
            14.4450477
          ],
          [
            101.4074693,
            14.4449424
          ],
          [
            101.4075579,
            14.4449338
          ],
          [
            101.4077575,
            14.4449712
          ],
          [
            101.407875,
            14.4449327
          ],
          [
            101.4080596,
            14.4445061
          ],
          [
            101.408049,
            14.4443636
          ],
          [
            101.4080684,
            14.4442629
          ],
          [
            101.4082336,
            14.4440622
          ],
          [
            101.4083031,
            14.4439865
          ],
          [
            101.4084355,
            14.4439872
          ],
          [
            101.4085552,
            14.4439949
          ],
          [
            101.4088842,
            14.4438131
          ],
          [
            101.4090305,
            14.4437413
          ],
          [
            101.4093746,
            14.4438081
          ],
          [
            101.4096018,
            14.4438502
          ],
          [
            101.4097654,
            14.4439181
          ],
          [
            101.409925,
            14.4438574
          ],
          [
            101.4100329,
            14.4438105
          ],
          [
            101.4101414,
            14.4437793
          ],
          [
            101.4102694,
            14.4438247
          ],
          [
            101.4104341,
            14.4437509
          ],
          [
            101.4106116,
            14.4437314
          ],
          [
            101.4108455,
            14.4438918
          ],
          [
            101.4110935,
            14.4440936
          ],
          [
            101.4112965,
            14.4442831
          ],
          [
            101.4116488,
            14.4442964
          ],
          [
            101.4118181,
            14.4442049
          ],
          [
            101.4119585,
            14.4439904
          ],
          [
            101.4121008,
            14.4440557
          ],
          [
            101.4121977,
            14.4440709
          ],
          [
            101.4122791,
            14.4441118
          ],
          [
            101.4123248,
            14.4441952
          ],
          [
            101.4124692,
            14.4441557
          ],
          [
            101.4126034,
            14.4442173
          ],
          [
            101.4127346,
            14.4443001
          ],
          [
            101.4128542,
            14.4442608
          ],
          [
            101.4128644,
            14.4441335
          ],
          [
            101.4128602,
            14.4438958
          ],
          [
            101.4128194,
            14.4436958
          ],
          [
            101.4128429,
            14.4435202
          ],
          [
            101.4128874,
            14.4433961
          ],
          [
            101.4129516,
            14.4433279
          ],
          [
            101.4130126,
            14.443154
          ],
          [
            101.4131364,
            14.4430099
          ],
          [
            101.4133295,
            14.4429245
          ],
          [
            101.4133885,
            14.4428079
          ],
          [
            101.4134566,
            14.4426442
          ],
          [
            101.413457,
            14.4424954
          ],
          [
            101.4134474,
            14.4423274
          ],
          [
            101.413376,
            14.4420932
          ],
          [
            101.4132474,
            14.4419079
          ],
          [
            101.4132272,
            14.4417884
          ],
          [
            101.4131761,
            14.4416819
          ],
          [
            101.4132269,
            14.4414871
          ],
          [
            101.4132194,
            14.4413347
          ],
          [
            101.4131624,
            14.4410939
          ],
          [
            101.4129344,
            14.4408791
          ],
          [
            101.4129073,
            14.4407766
          ],
          [
            101.4127569,
            14.4406395
          ],
          [
            101.4126274,
            14.4405391
          ],
          [
            101.4124217,
            14.4403397
          ],
          [
            101.4122663,
            14.4401507
          ],
          [
            101.4122847,
            14.440035
          ],
          [
            101.4121628,
            14.4399204
          ],
          [
            101.4121393,
            14.4397899
          ],
          [
            101.4122283,
            14.4396521
          ],
          [
            101.4123314,
            14.4396165
          ],
          [
            101.4124788,
            14.4394111
          ],
          [
            101.4124671,
            14.439289
          ],
          [
            101.4125365,
            14.439054
          ],
          [
            101.4125426,
            14.4386066
          ],
          [
            101.4125105,
            14.4380347
          ],
          [
            101.4122845,
            14.4375295
          ],
          [
            101.411989,
            14.4370329
          ],
          [
            101.4121367,
            14.4362247
          ],
          [
            101.412328,
            14.4358795
          ],
          [
            101.4125714,
            14.4354333
          ],
          [
            101.4127929,
            14.4352083
          ],
          [
            101.4130613,
            14.4349006
          ],
          [
            101.4133956,
            14.4349409
          ],
          [
            101.4136755,
            14.4348635
          ],
          [
            101.4140243,
            14.4349161
          ],
          [
            101.4141706,
            14.4349653
          ],
          [
            101.414281,
            14.4350459
          ],
          [
            101.4143432,
            14.4351374
          ],
          [
            101.4144214,
            14.4352183
          ],
          [
            101.4144974,
            14.435153
          ]
        ]
      },
      "id": "relation/18860849"
    },
    {
      "type": "Feature",
      "properties": {
        "@id": "relation/18960455",
        "alt_name": "160 ปี ความสัมพันธ์ ไทย-เยอรมัน",
        "alt_name:en": "160 th Anniversary Thai - German Friendship Triail",
        "name": "น้ำตกผากล้วยไม้ - น้ำตกเหวสุวัต",
        "name:en": "Pha Kluai Mai Campground – Haew Suwat Waterfall",
        "ref": "2",
        "route": "hiking",
        "type": "route"
      },
      "geometry": {
        "type": "LineString",
        "coordinates": [
          [
            101.4006836,
            14.4310316
          ],
          [
            101.4007083,
            14.43097
          ],
          [
            101.4008761,
            14.4308204
          ],
          [
            101.4009282,
            14.4307587
          ],
          [
            101.4010001,
            14.430691
          ],
          [
            101.4010634,
            14.4306548
          ],
          [
            101.4011191,
            14.4306202
          ],
          [
            101.4012962,
            14.4304341
          ],
          [
            101.401303,
            14.4302725
          ],
          [
            101.4014425,
            14.430022
          ],
          [
            101.4015348,
            14.4299652
          ],
          [
            101.4015663,
            14.4298306
          ],
          [
            101.4016629,
            14.4296669
          ],
          [
            101.4019597,
            14.4293662
          ],
          [
            101.4021696,
            14.4292208
          ],
          [
            101.4025632,
            14.4292544
          ],
          [
            101.4025893,
            14.4293375
          ],
          [
            101.4027729,
            14.4294647
          ],
          [
            101.4033816,
            14.4295724
          ],
          [
            101.4037472,
            14.4297547
          ],
          [
            101.4041356,
            14.4298068
          ],
          [
            101.4043061,
            14.4297452
          ],
          [
            101.4044589,
            14.4291267
          ],
          [
            101.4045573,
            14.4289118
          ],
          [
            101.4049901,
            14.4285435
          ],
          [
            101.4051592,
            14.4284668
          ],
          [
            101.4052138,
            14.428179
          ],
          [
            101.4056367,
            14.4281041
          ],
          [
            101.4059222,
            14.4280022
          ],
          [
            101.4066776,
            14.4280604
          ],
          [
            101.4071357,
            14.4277582
          ],
          [
            101.4074537,
            14.4277316
          ],
          [
            101.4078064,
            14.4279763
          ],
          [
            101.4080218,
            14.4280142
          ],
          [
            101.408234,
            14.4278247
          ],
          [
            101.4083692,
            14.4277778
          ],
          [
            101.4087189,
            14.4277757
          ],
          [
            101.408941,
            14.4276999
          ],
          [
            101.409149,
            14.4274897
          ],
          [
            101.4092112,
            14.4273314
          ],
          [
            101.4093478,
            14.4272885
          ],
          [
            101.4095263,
            14.4273332
          ],
          [
            101.4096047,
            14.4273697
          ],
          [
            101.4096483,
            14.4275828
          ],
          [
            101.4096409,
            14.4277842
          ],
          [
            101.409552,
            14.4279066
          ],
          [
            101.4095902,
            14.4286931
          ],
          [
            101.4099318,
            14.4291095
          ],
          [
            101.4097422,
            14.4295477
          ],
          [
            101.4098194,
            14.4299389
          ],
          [
            101.4097939,
            14.4301643
          ],
          [
            101.4096928,
            14.4304581
          ],
          [
            101.4097135,
            14.43066
          ],
          [
            101.4095792,
            14.4307965
          ],
          [
            101.4096093,
            14.4314025
          ],
          [
            101.4097341,
            14.4317673
          ],
          [
            101.4098181,
            14.4318677
          ],
          [
            101.4100744,
            14.4323828
          ],
          [
            101.4101441,
            14.432652
          ],
          [
            101.4100501,
            14.4333238
          ],
          [
            101.4098541,
            14.4334867
          ],
          [
            101.4098669,
            14.4335419
          ],
          [
            101.409894,
            14.4336191
          ],
          [
            101.4099645,
            14.4336016
          ],
          [
            101.410268,
            14.4337508
          ],
          [
            101.410368,
            14.4338405
          ],
          [
            101.4105285,
            14.4338684
          ],
          [
            101.4108067,
            14.4338547
          ],
          [
            101.4114119,
            14.433611
          ],
          [
            101.411611,
            14.4334495
          ],
          [
            101.4120918,
            14.4329909
          ],
          [
            101.4124905,
            14.4323996
          ],
          [
            101.4125527,
            14.4321766
          ],
          [
            101.4125781,
            14.4319093
          ],
          [
            101.4125724,
            14.4317047
          ],
          [
            101.4125234,
            14.4315847
          ],
          [
            101.4125581,
            14.4313826
          ],
          [
            101.4127416,
            14.4311449
          ],
          [
            101.4128652,
            14.4311035
          ],
          [
            101.4130122,
            14.4311199
          ],
          [
            101.4132647,
            14.4312907
          ],
          [
            101.4133569,
            14.4314309
          ],
          [
            101.4136402,
            14.4315305
          ],
          [
            101.4137674,
            14.4316993
          ],
          [
            101.4140233,
            14.4319377
          ],
          [
            101.4143756,
            14.4323715
          ],
          [
            101.4147715,
            14.4327109
          ],
          [
            101.4150257,
            14.4330009
          ],
          [
            101.4151801,
            14.4332051
          ],
          [
            101.4151926,
            14.4333673
          ],
          [
            101.4153884,
            14.4335611
          ],
          [
            101.4154683,
            14.4338852
          ],
          [
            101.4154429,
            14.4340519
          ],
          [
            101.4151531,
            14.4342403
          ],
          [
            101.4151101,
            14.4343876
          ],
          [
            101.4149899,
            14.4345334
          ],
          [
            101.4147846,
            14.4346027
          ]
        ]
      },
      "id": "relation/18960455"
    },
    {
      "type": "Feature",
      "properties": {
        "@id": "relation/18960456",
        "name": "ดงติ้ว - อ่างเก็บน้ำสายศร",
        "name:en": "Dong Tiw – Sai Sorn Reservoir",
        "ref": "4",
        "route": "hiking",
        "type": "route"
      },
      "geometry": {
        "type": "LineString",
        "coordinates": [
          [
            101.3725248,
            14.4368322
          ],
          [
            101.3721513,
            14.4367017
          ],
          [
            101.37188,
            14.4365699
          ],
          [
            101.3716356,
            14.4367082
          ],
          [
            101.371327,
            14.4368162
          ],
          [
            101.3708281,
            14.4367713
          ],
          [
            101.3704496,
            14.4366325
          ],
          [
            101.3695917,
            14.4365316
          ],
          [
            101.3691627,
            14.4362793
          ],
          [
            101.3686328,
            14.4360269
          ],
          [
            101.3683695,
            14.4360205
          ],
          [
            101.3680116,
            14.4358446
          ],
          [
            101.3675351,
            14.435825
          ],
          [
            101.3670752,
            14.4358616
          ],
          [
            101.3665422,
            14.4360704
          ],
          [
            101.3662994,
            14.4359361
          ],
          [
            101.3659626,
            14.4361098
          ],
          [
            101.3656711,
            14.4361043
          ],
          [
            101.365388,
            14.4359705
          ],
          [
            101.3652172,
            14.4359696
          ],
          [
            101.3649305,
            14.4356412
          ],
          [
            101.3646548,
            14.435486
          ],
          [
            101.3641784,
            14.435487
          ],
          [
            101.3639311,
            14.4355709
          ],
          [
            101.3636595,
            14.4355009
          ],
          [
            101.3627475,
            14.4351084
          ],
          [
            101.362538,
            14.4349226
          ],
          [
            101.3622488,
            14.4341953
          ],
          [
            101.3620501,
            14.4338209
          ],
          [
            101.3616582,
            14.4337895
          ],
          [
            101.3620385,
            14.4334503
          ],
          [
            101.36262,
            14.4328753
          ],
          [
            101.3627253,
            14.4328445
          ],
          [
            101.3631463,
            14.4327212
          ],
          [
            101.3640338,
            14.4331065
          ],
          [
            101.3645663,
            14.4331895
          ],
          [
            101.3653191,
            14.4330828
          ],
          [
            101.3662494,
            14.4332843
          ],
          [
            101.3666656,
            14.4332843
          ],
          [
            101.367755,
            14.4329998
          ],
          [
            101.368465,
            14.4333317
          ],
          [
            101.3691137,
            14.4335451
          ],
          [
            101.369481,
            14.4337822
          ],
          [
            101.3696279,
            14.4340786
          ],
          [
            101.3711562,
            14.433569
          ],
          [
            101.37153,
            14.433452
          ]
        ]
      },
      "id": "relation/18960456"
    },
    {
      "type": "Feature",
      "properties": {
        "@id": "relation/18960457",
        "name": "ดงติ้ว - หนองผักชี",
        "name:en": "Dong Tiw – Nong Phak Chi",
        "ref": "5",
        "route": "hiking",
        "type": "route"
      },
      "geometry": {
        "type": "LineString",
        "coordinates": [
          [
            101.3678775,
            14.4509379
          ],
          [
            101.3676977,
            14.4509178
          ],
          [
            101.3675773,
            14.4509259
          ],
          [
            101.3674344,
            14.4509719
          ],
          [
            101.3672791,
            14.4510218
          ],
          [
            101.3671545,
            14.4510859
          ],
          [
            101.3669775,
            14.4511651
          ],
          [
            101.3669574,
            14.4511742
          ],
          [
            101.3669221,
            14.4511929
          ],
          [
            101.3669088,
            14.4512
          ],
          [
            101.3668196,
            14.451244
          ],
          [
            101.3666837,
            14.4513281
          ],
          [
            101.3666241,
            14.4513687
          ],
          [
            101.3665697,
            14.4514131
          ],
          [
            101.3664988,
            14.4515017
          ],
          [
            101.3663455,
            14.451645
          ],
          [
            101.3658792,
            14.4519506
          ],
          [
            101.3647969,
            14.4523343
          ],
          [
            101.3644678,
            14.45241
          ],
          [
            101.3641427,
            14.4523578
          ],
          [
            101.3638997,
            14.4522158
          ],
          [
            101.3634088,
            14.4520675
          ],
          [
            101.3630013,
            14.4520772
          ],
          [
            101.3627283,
            14.4521369
          ],
          [
            101.3623762,
            14.4522743
          ],
          [
            101.3620737,
            14.4525532
          ],
          [
            101.3616437,
            14.4528683
          ],
          [
            101.3614632,
            14.4530892
          ],
          [
            101.3612748,
            14.4532949
          ],
          [
            101.3611038,
            14.4533396
          ],
          [
            101.3601758,
            14.4534947
          ],
          [
            101.360067,
            14.4535934
          ],
          [
            101.3598413,
            14.453763
          ],
          [
            101.3596919,
            14.4539243
          ],
          [
            101.3596665,
            14.4539442
          ],
          [
            101.3594048,
            14.4534697
          ],
          [
            101.3593384,
            14.4533501
          ],
          [
            101.3583796,
            14.452552
          ],
          [
            101.3583276,
            14.4524207
          ],
          [
            101.3581232,
            14.452335
          ],
          [
            101.3580192,
            14.4520974
          ],
          [
            101.3579151,
            14.4515562
          ],
          [
            101.3578145,
            14.4514108
          ],
          [
            101.3574844,
            14.4512787
          ],
          [
            101.3572533,
            14.4511467
          ],
          [
            101.3570883,
            14.4509156
          ],
          [
            101.3569635,
            14.4508026
          ],
          [
            101.3567958,
            14.4507258
          ],
          [
            101.3566754,
            14.4508699
          ],
          [
            101.3565935,
            14.4508304
          ],
          [
            101.3560874,
            14.4505372
          ],
          [
            101.3563791,
            14.4503179
          ],
          [
            101.3562477,
            14.4501774
          ],
          [
            101.3562104,
            14.4500109
          ],
          [
            101.3562498,
            14.4497998
          ],
          [
            101.3565535,
            14.4495886
          ],
          [
            101.3565235,
            14.4493667
          ],
          [
            101.3565793,
            14.4490571
          ],
          [
            101.3565776,
            14.4484822
          ],
          [
            101.3563016,
            14.448193
          ],
          [
            101.3561389,
            14.4479627
          ],
          [
            101.3560449,
            14.4476738
          ],
          [
            101.3552264,
            14.4473438
          ],
          [
            101.354987,
            14.4470504
          ],
          [
            101.3543219,
            14.4467496
          ],
          [
            101.3541833,
            14.4466308
          ],
          [
            101.3539608,
            14.4463138
          ],
          [
            101.3538852,
            14.4459595
          ],
          [
            101.3537607,
            14.445706
          ],
          [
            101.3537741,
            14.4444966
          ],
          [
            101.3535957,
            14.4434155
          ],
          [
            101.3536155,
            14.4430589
          ],
          [
            101.353756,
            14.4426004
          ],
          [
            101.3539554,
            14.4422897
          ],
          [
            101.3541569,
            14.4418111
          ],
          [
            101.3546008,
            14.4416971
          ],
          [
            101.3549414,
            14.4412033
          ],
          [
            101.3554179,
            14.4409264
          ],
          [
            101.3556292,
            14.4406887
          ],
          [
            101.3561883,
            14.4397481
          ],
          [
            101.3570336,
            14.4393381
          ],
          [
            101.3574638,
            14.4387173
          ],
          [
            101.3577628,
            14.4386026
          ],
          [
            101.3580957,
            14.4379104
          ],
          [
            101.3586828,
            14.4372445
          ],
          [
            101.359042,
            14.4369991
          ],
          [
            101.3592873,
            14.4362894
          ],
          [
            101.3595697,
            14.4358474
          ],
          [
            101.3597815,
            14.4357326
          ],
          [
            101.3599235,
            14.4353327
          ],
          [
            101.3604979,
            14.4348629
          ],
          [
            101.3606571,
            14.4345679
          ],
          [
            101.3608914,
            14.4343393
          ],
          [
            101.3616582,
            14.4337895
          ],
          [
            101.3620501,
            14.4338209
          ],
          [
            101.3622488,
            14.4341953
          ],
          [
            101.362538,
            14.4349226
          ],
          [
            101.3627475,
            14.4351084
          ],
          [
            101.3636595,
            14.4355009
          ],
          [
            101.3639311,
            14.4355709
          ],
          [
            101.3641784,
            14.435487
          ],
          [
            101.3646548,
            14.435486
          ],
          [
            101.3649305,
            14.4356412
          ],
          [
            101.3652172,
            14.4359696
          ],
          [
            101.365388,
            14.4359705
          ],
          [
            101.3656711,
            14.4361043
          ],
          [
            101.3659626,
            14.4361098
          ],
          [
            101.3662994,
            14.4359361
          ],
          [
            101.3665422,
            14.4360704
          ],
          [
            101.3670752,
            14.4358616
          ],
          [
            101.3675351,
            14.435825
          ],
          [
            101.3680116,
            14.4358446
          ],
          [
            101.3683695,
            14.4360205
          ],
          [
            101.3686328,
            14.4360269
          ],
          [
            101.3691627,
            14.4362793
          ],
          [
            101.3695917,
            14.4365316
          ],
          [
            101.3704496,
            14.4366325
          ],
          [
            101.3708281,
            14.4367713
          ],
          [
            101.371327,
            14.4368162
          ],
          [
            101.3716356,
            14.4367082
          ],
          [
            101.37188,
            14.4365699
          ],
          [
            101.3721513,
            14.4367017
          ],
          [
            101.3725248,
            14.4368322
          ]
        ]
      },
      "id": "relation/18960457"
    },
    {
      "type": "Feature",
      "properties": {
        "@id": "relation/18960484",
        "name": "ศูนย์บริการนักท่องเที่ยว - น้ำตกกองแก้ว",
        "name:en": "Visitor Center – Kong Kaew Waterfall",
        "ref": "1",
        "route": "hiking",
        "type": "route"
      },
      "geometry": {
        "type": "LineString",
        "coordinates": [
          [
            101.3723208,
            14.4391942
          ],
          [
            101.3723066,
            14.4391542
          ],
          [
            101.3721671,
            14.439123
          ],
          [
            101.3720577,
            14.4391562
          ],
          [
            101.3719654,
            14.4392331
          ],
          [
            101.371944,
            14.439364
          ],
          [
            101.3718925,
            14.4394804
          ],
          [
            101.3720848,
            14.4394955
          ],
          [
            101.3720659,
            14.4397432
          ],
          [
            101.3720067,
            14.4399211
          ],
          [
            101.3719559,
            14.4400659
          ],
          [
            101.3720055,
            14.4402355
          ],
          [
            101.3720774,
            14.4404042
          ],
          [
            101.3723731,
            14.4406228
          ],
          [
            101.372347,
            14.4408363
          ],
          [
            101.3726313,
            14.4415307
          ],
          [
            101.3728196,
            14.4416027
          ],
          [
            101.3729188,
            14.4420668
          ],
          [
            101.3730254,
            14.4421555
          ],
          [
            101.3732773,
            14.4422837
          ],
          [
            101.3734351,
            14.4423197
          ],
          [
            101.3735294,
            14.4425679
          ],
          [
            101.3737882,
            14.4427409
          ],
          [
            101.3738965,
            14.4427187
          ],
          [
            101.3741046,
            14.4426029
          ],
          [
            101.3744042,
            14.4425774
          ],
          [
            101.374629,
            14.4426272
          ],
          [
            101.3746577,
            14.4425148
          ],
          [
            101.3746621,
            14.4423546
          ],
          [
            101.3746833,
            14.4417679
          ],
          [
            101.3747849,
            14.441541
          ],
          [
            101.3747153,
            14.4413933
          ],
          [
            101.3747762,
            14.4413175
          ],
          [
            101.37478,
            14.4411585
          ],
          [
            101.3748326,
            14.4409195
          ],
          [
            101.3747646,
            14.4406619
          ],
          [
            101.3747631,
            14.4403808
          ],
          [
            101.3748849,
            14.4401029
          ],
          [
            101.3748602,
            14.4400026
          ],
          [
            101.3747559,
            14.4398474
          ],
          [
            101.3747269,
            14.43965
          ],
          [
            101.3745676,
            14.4396079
          ],
          [
            101.3744428,
            14.4395721
          ],
          [
            101.3743561,
            14.4396079
          ],
          [
            101.3743031,
            14.4397283
          ],
          [
            101.3741967,
            14.4398764
          ],
          [
            101.3740731,
            14.4400363
          ],
          [
            101.373935,
            14.4401317
          ],
          [
            101.3737322,
            14.4400905
          ],
          [
            101.3736405,
            14.4400213
          ],
          [
            101.3735806,
            14.4397969
          ],
          [
            101.3734245,
            14.4394891
          ],
          [
            101.3733463,
            14.4393744
          ],
          [
            101.3732471,
            14.4392783
          ],
          [
            101.3731505,
            14.439177
          ],
          [
            101.3729896,
            14.4390186
          ],
          [
            101.3728313,
            14.4388783
          ],
          [
            101.3727589,
            14.4388004
          ],
          [
            101.372716,
            14.4387147
          ],
          [
            101.3726785,
            14.4384757
          ],
          [
            101.3726677,
            14.4384393
          ],
          [
            101.3725953,
            14.4383874
          ],
          [
            101.3725417,
            14.4383692
          ],
          [
            101.3725234,
            14.4383396
          ]
        ]
      },
      "id": "relation/18960484"
    },
    {
      "type": "Feature",
      "properties": {
        "@id": "relation/18960540",
        "alt_name": "90 ปี ความสัมพันธ์ ไทย-สวิตเซอร์แลนด์",
        "alt_name:en": "90 th Anniversary Thai - Switzerland Friendship Triail",
        "name": "กม. 33 - หนองผักชี",
        "name:en": "Km. 33 – Nong Phak Chi",
        "ref": "3",
        "route": "hiking",
        "type": "route"
      },
      "geometry": {
        "type": "LineString",
        "coordinates": [
          [
            101.3678775,
            14.4509379
          ],
          [
            101.3676977,
            14.4509178
          ],
          [
            101.3675773,
            14.4509259
          ],
          [
            101.3674344,
            14.4509719
          ],
          [
            101.3672791,
            14.4510218
          ],
          [
            101.3671545,
            14.4510859
          ],
          [
            101.3669775,
            14.4511651
          ],
          [
            101.3669574,
            14.4511742
          ],
          [
            101.3669221,
            14.4511929
          ],
          [
            101.3669088,
            14.4512
          ],
          [
            101.3668196,
            14.451244
          ],
          [
            101.3666837,
            14.4513281
          ],
          [
            101.3666241,
            14.4513687
          ],
          [
            101.3665697,
            14.4514131
          ],
          [
            101.3664988,
            14.4515017
          ],
          [
            101.3663455,
            14.451645
          ],
          [
            101.3658792,
            14.4519506
          ],
          [
            101.3647969,
            14.4523343
          ],
          [
            101.3644678,
            14.45241
          ],
          [
            101.3641427,
            14.4523578
          ],
          [
            101.3638997,
            14.4522158
          ],
          [
            101.3634088,
            14.4520675
          ],
          [
            101.3630013,
            14.4520772
          ],
          [
            101.3627283,
            14.4521369
          ],
          [
            101.3623762,
            14.4522743
          ],
          [
            101.3620737,
            14.4525532
          ],
          [
            101.3616437,
            14.4528683
          ],
          [
            101.3614632,
            14.4530892
          ],
          [
            101.3612748,
            14.4532949
          ],
          [
            101.3611038,
            14.4533396
          ],
          [
            101.3601758,
            14.4534947
          ],
          [
            101.360067,
            14.4535934
          ],
          [
            101.3598413,
            14.453763
          ],
          [
            101.3596919,
            14.4539243
          ],
          [
            101.3596665,
            14.4539442
          ],
          [
            101.3596353,
            14.453944
          ],
          [
            101.3595302,
            14.4539308
          ],
          [
            101.3594826,
            14.4539367
          ],
          [
            101.3594351,
            14.4539561
          ],
          [
            101.3593899,
            14.4539791
          ],
          [
            101.3592153,
            14.4541085
          ],
          [
            101.3591748,
            14.4541646
          ],
          [
            101.3591322,
            14.4542666
          ],
          [
            101.3590981,
            14.4543892
          ],
          [
            101.3590755,
            14.4545074
          ],
          [
            101.3590581,
            14.4546438
          ],
          [
            101.3590446,
            14.4547508
          ],
          [
            101.3589822,
            14.4549724
          ],
          [
            101.3589539,
            14.4550384
          ],
          [
            101.3589236,
            14.4551267
          ],
          [
            101.3589059,
            14.4552418
          ],
          [
            101.3589054,
            14.4553241
          ],
          [
            101.3589002,
            14.4554552
          ],
          [
            101.3588877,
            14.4554928
          ],
          [
            101.3588296,
            14.4556283
          ],
          [
            101.3588092,
            14.4556733
          ],
          [
            101.3587705,
            14.4557219
          ],
          [
            101.3587245,
            14.4557454
          ],
          [
            101.3586692,
            14.455751
          ],
          [
            101.3586353,
            14.4557577
          ],
          [
            101.3585973,
            14.4557922
          ],
          [
            101.3585687,
            14.4558358
          ],
          [
            101.3585646,
            14.4558749
          ],
          [
            101.3585607,
            14.45594
          ],
          [
            101.3585739,
            14.4559774
          ],
          [
            101.3586021,
            14.4560203
          ],
          [
            101.3586356,
            14.4560671
          ],
          [
            101.3586576,
            14.4561028
          ],
          [
            101.3586565,
            14.4561542
          ],
          [
            101.3586344,
            14.4563796
          ],
          [
            101.3586269,
            14.4564389
          ],
          [
            101.3585993,
            14.4565243
          ],
          [
            101.3585775,
            14.4566129
          ],
          [
            101.3585673,
            14.4566746
          ],
          [
            101.3585765,
            14.4567359
          ],
          [
            101.3585765,
            14.456777
          ],
          [
            101.3585666,
            14.4568965
          ],
          [
            101.3585495,
            14.4569852
          ],
          [
            101.358519,
            14.4570741
          ],
          [
            101.3584972,
            14.4571544
          ],
          [
            101.35848,
            14.4572191
          ],
          [
            101.3584661,
            14.4572537
          ],
          [
            101.3584482,
            14.4573102
          ],
          [
            101.3584447,
            14.4573519
          ],
          [
            101.3584551,
            14.4574114
          ],
          [
            101.3584714,
            14.4574975
          ],
          [
            101.3585017,
            14.4575903
          ],
          [
            101.3585527,
            14.4577089
          ],
          [
            101.3585708,
            14.4577718
          ],
          [
            101.3585729,
            14.4578347
          ],
          [
            101.3585698,
            14.4579565
          ],
          [
            101.3585832,
            14.4580416
          ],
          [
            101.358588,
            14.4581437
          ],
          [
            101.3586007,
            14.4581787
          ],
          [
            101.3586366,
            14.4582849
          ],
          [
            101.3586426,
            14.4583241
          ],
          [
            101.3586302,
            14.4583566
          ],
          [
            101.3585775,
            14.458448
          ],
          [
            101.3585522,
            14.4585031
          ],
          [
            101.3585294,
            14.4585491
          ],
          [
            101.3585192,
            14.458604
          ],
          [
            101.3585021,
            14.4586454
          ],
          [
            101.3584828,
            14.4586885
          ],
          [
            101.3584659,
            14.4587294
          ],
          [
            101.3584385,
            14.4587793
          ],
          [
            101.3583714,
            14.4589035
          ],
          [
            101.3583383,
            14.4589716
          ],
          [
            101.3583195,
            14.4590527
          ],
          [
            101.3582893,
            14.4591468
          ],
          [
            101.3582903,
            14.4591805
          ],
          [
            101.3582868,
            14.4592321
          ],
          [
            101.3582802,
            14.4593948
          ],
          [
            101.3582494,
            14.4595714
          ],
          [
            101.3581072,
            14.4598597
          ],
          [
            101.3580536,
            14.4599363
          ],
          [
            101.3580053,
            14.4600104
          ],
          [
            101.3579718,
            14.4600558
          ],
          [
            101.358067,
            14.4602636
          ],
          [
            101.3581354,
            14.4603883
          ],
          [
            101.3582642,
            14.4605363
          ],
          [
            101.3583634,
            14.4606895
          ],
          [
            101.3585163,
            14.4609103
          ],
          [
            101.3585766,
            14.4609947
          ],
          [
            101.3586562,
            14.4610306
          ],
          [
            101.358745,
            14.4611126
          ],
          [
            101.3589247,
            14.4611412
          ],
          [
            101.35904,
            14.4613022
          ],
          [
            101.3590963,
            14.461658
          ],
          [
            101.3591956,
            14.4618242
          ],
          [
            101.3592546,
            14.4619997
          ],
          [
            101.3594048,
            14.4620984
          ],
          [
            101.3594826,
            14.462262
          ],
          [
            101.359665,
            14.4623399
          ],
          [
            101.3598527,
            14.4626828
          ],
          [
            101.3600002,
            14.4627789
          ],
          [
            101.3602175,
            14.4628126
          ],
          [
            101.3603462,
            14.4629555
          ],
          [
            101.360416,
            14.4631061
          ],
          [
            101.3605501,
            14.4632619
          ],
          [
            101.3606413,
            14.4633839
          ],
          [
            101.3608237,
            14.4634463
          ],
          [
            101.3608746,
            14.463493
          ],
          [
            101.3609578,
            14.4635735
          ],
          [
            101.3611616,
            14.4635891
          ],
          [
            101.3613279,
            14.4635294
          ],
          [
            101.3613843,
            14.4635242
          ],
          [
            101.3615184,
            14.463532
          ],
          [
            101.3616418,
            14.4634099
          ],
          [
            101.3617303,
            14.4633554
          ],
          [
            101.3618697,
            14.4632852
          ],
          [
            101.3619743,
            14.4631943
          ],
          [
            101.3620199,
            14.4632333
          ],
          [
            101.3621246,
            14.4633242
          ],
          [
            101.3621916,
            14.4634852
          ],
          [
            101.3622989,
            14.4636437
          ],
          [
            101.3624169,
            14.4637709
          ],
          [
            101.3625698,
            14.4638514
          ],
          [
            101.3627771,
            14.4639164
          ],
          [
            101.3629889,
            14.4639034
          ],
          [
            101.3631606,
            14.463854
          ],
          [
            101.3633269,
            14.4639423
          ],
          [
            101.3633993,
            14.464106
          ],
          [
            101.3635683,
            14.4642202
          ],
          [
            101.3637051,
            14.4643449
          ],
          [
            101.3637453,
            14.4645215
          ],
          [
            101.3639331,
            14.4644826
          ],
          [
            101.3641316,
            14.4644962
          ],
          [
            101.3642362,
            14.4646416
          ],
          [
            101.3644293,
            14.464691
          ],
          [
            101.3645688,
            14.4647663
          ],
          [
            101.3647592,
            14.4648728
          ],
          [
            101.3648719,
            14.4650338
          ],
          [
            101.3649711,
            14.465078
          ],
          [
            101.3651696,
            14.4651948
          ],
          [
            101.3653359,
            14.4653175
          ],
          [
            101.3654646,
            14.4654551
          ],
          [
            101.3656256,
            14.465559
          ],
          [
            101.3658133,
            14.4656343
          ],
          [
            101.365993,
            14.4656031
          ],
          [
            101.3661379,
            14.4656239
          ],
          [
            101.3663042,
            14.4657226
          ],
          [
            101.3664893,
            14.4658447
          ],
          [
            101.366642,
            14.4657391
          ],
          [
            101.366736,
            14.4657718
          ],
          [
            101.3668454,
            14.4657005
          ],
          [
            101.3669467,
            14.4657741
          ],
          [
            101.3670977,
            14.4658351
          ],
          [
            101.3673448,
            14.466014
          ],
          [
            101.3676788,
            14.4659883
          ],
          [
            101.3679765,
            14.4659
          ],
          [
            101.3681187,
            14.4659218
          ],
          [
            101.368277,
            14.4659315
          ],
          [
            101.3684727,
            14.4659337
          ],
          [
            101.3686498,
            14.4658792
          ],
          [
            101.3687168,
            14.4658142
          ],
          [
            101.3687946,
            14.4657519
          ],
          [
            101.3689155,
            14.465715
          ],
          [
            101.369004,
            14.4656965
          ],
          [
            101.3690764,
            14.4657075
          ],
          [
            101.3691325,
            14.4656688
          ],
          [
            101.3692157,
            14.4655389
          ],
          [
            101.3693391,
            14.4654143
          ],
          [
            101.3694973,
            14.4653
          ],
          [
            101.3695697,
            14.4651286
          ],
          [
            101.3696046,
            14.4649468
          ],
          [
            101.3697655,
            14.4648247
          ],
          [
            101.3697655,
            14.4646351
          ],
          [
            101.3698346,
            14.46451
          ],
          [
            101.3700866,
            14.4644252
          ],
          [
            101.3702636,
            14.4645222
          ],
          [
            101.3703492,
            14.4644772
          ],
          [
            101.3706278,
            14.4643977
          ],
          [
            101.3707343,
            14.4643269
          ],
          [
            101.37094,
            14.464199
          ],
          [
            101.3711126,
            14.4639689
          ],
          [
            101.3712633,
            14.4637967
          ],
          [
            101.3713815,
            14.4637192
          ],
          [
            101.3714019,
            14.4636971
          ]
        ]
      },
      "id": "relation/18960540"
    },
    {
      "type": "Feature",
      "properties": {
        "@id": "relation/18960552",
        "name": "200 ปี ความสัมพันธ์ไทย-สหรัฐอเมริกา",
        "name:en": "Thai-American Friendship Trail",
        "ref": "7",
        "route": "hiking",
        "type": "route"
      },
      "geometry": {
        "type": "LineString",
        "coordinates": [
          [
            101.3690575,
            14.4290345
          ],
          [
            101.3687633,
            14.4291499
          ],
          [
            101.368439,
            14.4292627
          ],
          [
            101.3683833,
            14.4292886
          ],
          [
            101.368337,
            14.4293145
          ],
          [
            101.3682407,
            14.4293736
          ],
          [
            101.368016,
            14.4295209
          ],
          [
            101.36774,
            14.4297306
          ],
          [
            101.3676977,
            14.4297833
          ],
          [
            101.3676749,
            14.4298406
          ],
          [
            101.3676171,
            14.4302415
          ],
          [
            101.3676084,
            14.4305806
          ],
          [
            101.3674582,
            14.4312716
          ],
          [
            101.3672973,
            14.4314482
          ],
          [
            101.3670076,
            14.4316145
          ],
          [
            101.3668467,
            14.4316976
          ],
          [
            101.3667394,
            14.431869
          ],
          [
            101.3666643,
            14.4320872
          ],
          [
            101.366793,
            14.4323574
          ],
          [
            101.3669057,
            14.4325444
          ],
          [
            101.3669325,
            14.4327314
          ],
          [
            101.3668467,
            14.4328976
          ],
          [
            101.3666482,
            14.4328976
          ],
          [
            101.3662995,
            14.4328301
          ],
          [
            101.3661064,
            14.4328249
          ],
          [
            101.3658113,
            14.4327626
          ],
          [
            101.3655967,
            14.4326483
          ],
          [
            101.3653285,
            14.4326015
          ],
          [
            101.3650388,
            14.4326015
          ],
          [
            101.3647813,
            14.4327158
          ],
          [
            101.364748,
            14.4327273
          ],
          [
            101.364556,
            14.4327937
          ],
          [
            101.3643415,
            14.4328457
          ],
          [
            101.3640786,
            14.4329392
          ],
          [
            101.3640338,
            14.4331065
          ],
          [
            101.3645663,
            14.4331895
          ],
          [
            101.3653191,
            14.4330828
          ],
          [
            101.3662494,
            14.4332843
          ],
          [
            101.3666656,
            14.4332843
          ],
          [
            101.367755,
            14.4329998
          ],
          [
            101.368465,
            14.4333317
          ],
          [
            101.3691137,
            14.4335451
          ],
          [
            101.369481,
            14.4337822
          ],
          [
            101.3696279,
            14.4340786
          ],
          [
            101.3711562,
            14.433569
          ],
          [
            101.37153,
            14.433452
          ]
        ]
      },
      "id": "relation/18960552"
    }
  ]
}