{
  "type": "FeatureCollection",
  "generator": "overpass-turbo",
  "copyright": "The data included in this document is from www.openstreetmap.org. The data is made available under ODbL.",
  "timestamp": "2026-10-05T02:31:20Z",
  "features": [
    {
      "type": "Feature",
      "properties": {
        "@id": "relation/15054549",
        "route": "hiking",
        "type": "route"
      },
      "geometry": {
        "type": "LineString",
        "coordinates": [
          [
            104.2985472,
            21.5710984
          ],
          [
            104.2975107,
            21.5692054
          ],
          [
            104.296705,
            21.5691237
          ],
          [
            104.2951399,
            21.5685402
          ],
          [
            104.2941253,
            21.5678125
          ],
          [
            104.2943448,
            21.5675133
          ],
          [
            104.2941441,
            21.5671051
          ],
          [
            104.2933798,
            21.5668629
          ],
          [
            104.2925438,
            21.5660099
          ],
          [
            104.2920942,
            21.5651569
          ],
          [
            104.2922138,
            21.5643304
          ],
          [
            104.2919472,
            21.5635439
          ],
          [
            104.291541,
            21.5627257
          ],
          [
            104.2921012,
            21.5616607
          ],
          [
            104.2904363,
            21.5621055
          ],
          [
            104.2899896,
            21.5621077
          ],
          [
            104.2896717,
            21.5616708
          ],
          [
            104.2897859,
            21.5610858
          ],
          [
            104.2896142,
            21.5609461
          ],
          [
            104.2894366,
            21.5606878
          ],
          [
            104.2893875,
            21.5601128
          ],
          [
            104.2890753,
            21.5598735
          ],
          [
            104.2895069,
            21.5589305
          ],
          [
            104.2885628,
            21.5582121
          ],
          [
            104.2880129,
            21.5575704
          ],
          [
            104.2871757,
            21.5573027
          ],
          [
            104.2862784,
            21.5567717
          ],
          [
            104.2846913,
            21.5560078
          ],
          [
            104.2832594,
            21.5548729
          ],
          [
            104.2817994,
            21.5541934
          ],
          [
            104.2810347,
            21.553273
          ],
          [
            104.27999,
            21.5522595
          ],
          [
            104.2793556,
            21.5513272
          ],
          [
            104.2793547,
            21.5507763
          ],
          [
            104.2792711,
            21.5501437
          ],
          [
            104.278828,
            21.5498304
          ],
          [
            104.2783928,
            21.5495478
          ],
          [
            104.2783787,
            21.5491922
          ],
          [
            104.2783787,
            21.5486524
          ],
          [
            104.2786803,
            21.5480053
          ],
          [
            104.2786106,
            21.5468825
          ],
          [
            104.2788775,
            21.5465441
          ],
          [
            104.2792271,
            21.5461007
          ],
          [
            104.2797314,
            21.5452841
          ],
          [
            104.2801239,
            21.5448104
          ],
          [
            104.2804636,
            21.544152
          ],
          [
            104.2809308,
            21.5429801
          ],
          [
            104.2809591,
            21.5421768
          ],
          [
            104.2809043,
            21.5418457
          ],
          [
            104.2808176,
            21.5413209
          ],
          [
            104.2808459,
            21.5404518
          ],
          [
            104.2811573,
            21.5394247
          ],
          [
            104.2814971,
            21.5384503
          ],
          [
            104.2816953,
            21.5375417
          ],
          [
            104.2819359,
            21.5367779
          ],
          [
            104.2824739,
            21.5363302
          ],
          [
            104.2821529,
            21.5356613
          ],
          [
            104.282124,
            21.5349186
          ],
          [
            104.2824315,
            21.5350463
          ],
          [
            104.2825672,
            21.5347549
          ],
          [
            104.28274,
            21.5345178
          ],
          [
            104.2830201,
            21.5342807
          ],
          [
            104.2829458,
            21.5340234
          ],
          [
            104.2831175,
            21.5330753
          ],
          [
            104.2837626,
            21.5326091
          ],
          [
            104.2838984,
            21.5323771
          ],
          [
            104.283927,
            21.5320454
          ],
          [
            104.2841587,
            21.5319121
          ],
          [
            104.2840389,
            21.5316752
          ],
          [
            104.2841981,
            21.5313984
          ],
          [
            104.2847509,
            21.5312441
          ],
          [
            104.2849092,
            21.5309937
          ],
          [
            104.2852392,
            21.5310027
          ],
          [
            104.2851152,
            21.5306535
          ],
          [
            104.2854634,
            21.530424
          ],
          [
            104.2856012,
            21.5300685
          ],
          [
            104.2854066,
            21.5296581
          ],
          [
            104.2856258,
            21.5292052
          ],
          [
            104.2870486,
            21.5286723
          ],
          [
            104.2868252,
            21.5283934
          ],
          [
            104.2869023,
            21.5280147
          ],
          [
            104.2871641,
            21.5277804
          ],
          [
            104.2872947,
            21.5274077
          ],
          [
            104.2876399,
            21.5273544
          ],
          [
            104.2888121,
            21.5284256
          ],
          [
            104.2898385,
            21.5283273
          ],
          [
            104.2905046,
            21.5281191
          ],
          [
            104.2907351,
            21.5281832
          ],
          [
            104.2915948,
            21.5278149
          ],
          [
            104.2928083,
            21.5262632
          ],
          [
            104.2927856,
            21.5261327
          ],
          [
            104.2927269,
            21.5257956
          ],
          [
            104.2927956,
            21.5254477
          ],
          [
            104.2929048,
            21.5252351
          ],
          [
            104.2932536,
            21.5244964
          ],
          [
            104.293263,
            21.5240695
          ],
          [
            104.2929907,
            21.5232988
          ],
          [
            104.2927469,
            21.5232782
          ],
          [
            104.2927688,
            21.5231242
          ],
          [
            104.2925191,
            21.5232947
          ],
          [
            104.2922851,
            21.5230639
          ],
          [
            104.2922182,
            21.522181
          ],
          [
            104.2917321,
            21.5223414
          ],
          [
            104.2915683,
            21.5221395
          ],
          [
            104.2907511,
            21.5217042
          ],
          [
            104.2910845,
            21.521378
          ],
          [
            104.291446,
            21.5212606
          ],
          [
            104.2915285,
            21.5209436
          ],
          [
            104.2917225,
            21.5207537
          ],
          [
            104.2921138,
            21.5203709
          ],
          [
            104.291944,
            21.5201519
          ],
          [
            104.2921955,
            21.5194627
          ],
          [
            104.2920733,
            21.5191012
          ],
          [
            104.2922515,
            21.5188394
          ],
          [
            104.2923136,
            21.5186529
          ],
          [
            104.2922685,
            21.5182368
          ],
          [
            104.2922208,
            21.5180837
          ],
          [
            104.2920416,
            21.5180283
          ],
          [
            104.2920681,
            21.5178297
          ],
          [
            104.2919658,
            21.517631
          ],
          [
            104.2921781,
            21.5174045
          ],
          [
            104.2922489,
            21.5171746
          ],
          [
            104.2922299,
            21.5168481
          ],
          [
            104.2922951,
            21.5167553
          ],
          [
            104.2923652,
            21.5163346
          ],
          [
            104.2920062,
            21.5161335
          ],
          [
            104.2920534,
            21.516025
          ],
          [
            104.2917087,
            21.5159928
          ],
          [
            104.2916229,
            21.5156977
          ],
          [
            104.2916764,
            21.5150643
          ],
          [
            104.2907767,
            21.5147941
          ],
          [
            104.290993,
            21.5144863
          ],
          [
            104.2911624,
            21.5143762
          ],
          [
            104.291381,
            21.5143782
          ],
          [
            104.291575,
            21.5142909
          ],
          [
            104.291736,
            21.5142912
          ],
          [
            104.2919369,
            21.5142315
          ],
          [
            104.2921377,
            21.5138715
          ],
          [
            104.2925669,
            21.5137268
          ],
          [
            104.293275,
            21.5137568
          ],
          [
            104.2936917,
            21.5138024
          ],
          [
            104.2941852,
            21.5124948
          ],
          [
            104.2946358,
            21.5111373
          ],
          [
            104.2946394,
            21.510203
          ],
          [
            104.2943995,
            21.5096962
          ],
          [
            104.2941834,
            21.5092399
          ],
          [
            104.2933745,
            21.5082696
          ],
          [
            104.2929925,
            21.507639
          ],
          [
            104.2929309,
            21.5070771
          ],
          [
            104.293239,
            21.5067102
          ],
          [
            104.2934608,
            21.5061025
          ],
          [
            104.2934238,
            21.5055063
          ],
          [
            104.293239,
            21.5047839
          ],
          [
            104.2929995,
            21.5036413
          ],
          [
            104.2929169,
            21.503247
          ],
          [
            104.2926704,
            21.502536
          ],
          [
            104.2912643,
            21.5008927
          ],
          [
            104.2901747,
            21.4998109
          ],
          [
            104.2881381,
            21.4975069
          ],
          [
            104.2868987,
            21.4959551
          ],
          [
            104.2862455,
            21.4952097
          ],
          [
            104.2855307,
            21.4943038
          ],
          [
            104.2852122,
            21.4932541
          ],
          [
            104.2850681,
            21.4927792
          ],
          [
            104.2848833,
            21.4920683
          ],
          [
            104.2847231,
            21.4911623
          ],
          [
            104.2849139,
            21.4902829
          ],
          [
            104.2851117,
            21.4901112
          ],
          [
            104.2855992,
            21.4893494
          ],
          [
            104.2860399,
            21.4882917
          ],
          [
            104.2862803,
            21.4870949
          ],
          [
            104.2860461,
            21.486991
          ],
          [
            104.2859704,
            21.4869575
          ],
          [
            104.2857345,
            21.4868191
          ],
          [
            104.2854986,
            21.4866807
          ],
          [
            104.2853215,
            21.4865116
          ],
          [
            104.285219,
            21.4863102
          ],
          [
            104.2848353,
            21.4860974
          ],
          [
            104.2846861,
            21.4859578
          ],
          [
            104.2844383,
            21.4858382
          ],
          [
            104.2841489,
            21.4857324
          ],
          [
            104.2839828,
            21.4856744
          ],
          [
            104.283865,
            21.4855915
          ],
          [
            104.2836862,
            21.4855029
          ],
          [
            104.2835898,
            21.4853667
          ],
          [
            104.283429,
            21.4853753
          ],
          [
            104.2832396,
            21.4852814
          ],
          [
            104.2830916,
            21.4849098
          ],
          [
            104.28306,
            21.4847051
          ],
          [
            104.2830864,
            21.4844139
          ],
          [
            104.2834523,
            21.483882
          ],
          [
            104.2835195,
            21.4835414
          ],
          [
            104.2835793,
            21.4834852
          ],
          [
            104.2837528,
            21.4833221
          ],
          [
            104.2837632,
            21.4832343
          ],
          [
            104.2838379,
            21.4831715
          ],
          [
            104.283804,
            21.4831257
          ],
          [
            104.2838746,
            21.4830208
          ],
          [
            104.2838781,
            21.4829247
          ],
          [
            104.2839473,
            21.4828133
          ],
          [
            104.2838908,
            21.4827092
          ],
          [
            104.2840335,
            21.4825878
          ],
          [
            104.2838627,
            21.4821259
          ],
          [
            104.2838134,
            21.4819597
          ],
          [
            104.2838181,
            21.4818051
          ],
          [
            104.2838502,
            21.481773
          ],
          [
            104.2838501,
            21.4817106
          ],
          [
            104.2838115,
            21.4816473
          ],
          [
            104.2837946,
            21.4815945
          ],
          [
            104.2837546,
            21.4815659
          ],
          [
            104.2837408,
            21.4814472
          ],
          [
            104.283589,
            21.4812824
          ],
          [
            104.2835215,
            21.4811269
          ],
          [
            104.2834871,
            21.4811292
          ],
          [
            104.2834856,
            21.4810144
          ],
          [
            104.2834506,
            21.4809832
          ],
          [
            104.2834663,
            21.4809269
          ],
          [
            104.2834446,
            21.4808963
          ],
          [
            104.2835168,
            21.4809093
          ],
          [
            104.2835053,
            21.4808829
          ],
          [
            104.2835947,
            21.4808221
          ],
          [
            104.2836011,
            21.4808061
          ],
          [
            104.2835969,
            21.4807853
          ],
          [
            104.2836194,
            21.4807522
          ],
          [
            104.2836727,
            21.4807435
          ],
          [
            104.2837372,
            21.4807459
          ],
          [
            104.2838366,
            21.4807497
          ],
          [
            104.2839021,
            21.4807808
          ],
          [
            104.2839286,
            21.4807855
          ],
          [
            104.2839431,
            21.4808393
          ],
          [
            104.2839817,
            21.4807745
          ],
          [
            104.2839332,
            21.480711
          ],
          [
            104.2839035,
            21.4806954
          ],
          [
            104.2838585,
            21.4806511
          ],
          [
            104.2838046,
            21.4805565
          ],
          [
            104.2838102,
            21.4805477
          ],
          [
            104.2837993,
            21.480529
          ],
          [
            104.2837955,
            21.4805073
          ],
          [
            104.283803,
            21.4804917
          ],
          [
            104.2838261,
            21.4804654
          ],
          [
            104.2838301,
            21.4804539
          ],
          [
            104.2838195,
            21.4804305
          ],
          [
            104.2838329,
            21.4804262
          ],
          [
            104.2838708,
            21.4804546
          ],
          [
            104.2839087,
            21.4804656
          ],
          [
            104.2839182,
            21.480435
          ],
          [
            104.2839,
            21.4803803
          ],
          [
            104.2838794,
            21.4803536
          ],
          [
            104.2838621,
            21.4803136
          ],
          [
            104.2838532,
            21.4802279
          ],
          [
            104.2838814,
            21.4802459
          ],
          [
            104.2838873,
            21.4802377
          ],
          [
            104.2838802,
            21.4802169
          ],
          [
            104.2838122,
            21.480073
          ],
          [
            104.2837789,
            21.4799057
          ],
          [
            104.2838188,
            21.4798607
          ],
          [
            104.2837614,
            21.4797848
          ],
          [
            104.283715,
            21.4796828
          ],
          [
            104.2837395,
            21.4796235
          ],
          [
            104.2838174,
            21.4792975
          ],
          [
            104.2839221,
            21.4792278
          ],
          [
            104.2838266,
            21.4790164
          ],
          [
            104.2836391,
            21.4790039
          ],
          [
            104.283621,
            21.4788918
          ],
          [
            104.283515,
            21.478708
          ],
          [
            104.2835076,
            21.4786951
          ],
          [
            104.2833167,
            21.4784837
          ],
          [
            104.283128,
            21.4783314
          ],
          [
            104.2830176,
            21.4781385
          ],
          [
            104.2832091,
            21.4778582
          ],
          [
            104.2831644,
            21.4778192
          ],
          [
            104.2831816,
            21.4776812
          ],
          [
            104.2832389,
            21.477571
          ],
          [
            104.283207,
            21.4772371
          ],
          [
            104.2833207,
            21.4773096
          ],
          [
            104.2833878,
            21.4772433
          ],
          [
            104.2834565,
            21.4772962
          ],
          [
            104.2835922,
            21.4772828
          ],
          [
            104.2835564,
            21.4771661
          ],
          [
            104.2836695,
            21.4771707
          ],
          [
            104.2835984,
            21.4770704
          ],
          [
            104.2836754,
            21.4770081
          ],
          [
            104.2836849,
            21.4766945
          ],
          [
            104.28389,
            21.4765692
          ],
          [
            104.2838054,
            21.4762592
          ],
          [
            104.2837538,
            21.4759515
          ],
          [
            104.2836502,
            21.475842
          ],
          [
            104.2837346,
            21.4757421
          ],
          [
            104.2837647,
            21.4757065
          ],
          [
            104.2836318,
            21.475506
          ],
          [
            104.2835818,
            21.4752158
          ],
          [
            104.2836538,
            21.4749912
          ],
          [
            104.2833016,
            21.4748064
          ],
          [
            104.2832361,
            21.4748067
          ],
          [
            104.2831346,
            21.4746225
          ],
          [
            104.2831801,
            21.4743919
          ],
          [
            104.2829415,
            21.4741004
          ],
          [
            104.2827476,
            21.4738636
          ],
          [
            104.2826437,
            21.473518
          ],
          [
            104.282783,
            21.4734396
          ],
          [
            104.2830672,
            21.4732797
          ],
          [
            104.2834378,
            21.4732531
          ],
          [
            104.2836497,
            21.4731774
          ],
          [
            104.2834326,
            21.4726969
          ],
          [
            104.2838303,
            21.4719194
          ],
          [
            104.2838164,
            21.4717042
          ],
          [
            104.2839074,
            21.471439
          ],
          [
            104.284018,
            21.4712805
          ],
          [
            104.2840546,
            21.4711016
          ],
          [
            104.2842844,
            21.4708329
          ],
          [
            104.2842569,
            21.4706256
          ],
          [
            104.2839031,
            21.4705294
          ],
          [
            104.2836199,
            21.4703587
          ],
          [
            104.28344,
            21.4700142
          ],
          [
            104.2832831,
            21.4697279
          ],
          [
            104.2836017,
            21.4691816
          ],
          [
            104.2840432,
            21.4686417
          ],
          [
            104.2842086,
            21.4683141
          ],
          [
            104.284032,
            21.4682502
          ],
          [
            104.2840833,
            21.4678376
          ],
          [
            104.2841934,
            21.467654
          ],
          [
            104.2844036,
            21.4674294
          ],
          [
            104.2845898,
            21.4673419
          ],
          [
            104.2846232,
            21.4673157
          ],
          [
            104.2847691,
            21.4671678
          ],
          [
            104.2846898,
            21.4669501
          ],
          [
            104.2846811,
            21.4667899
          ],
          [
            104.2848569,
            21.4657923
          ],
          [
            104.2851253,
            21.4657939
          ],
          [
            104.2856553,
            21.4657197
          ],
          [
            104.2858027,
            21.4657525
          ],
          [
            104.2858658,
            21.465614
          ],
          [
            104.2863098,
            21.465467
          ],
          [
            104.2864744,
            21.4652104
          ],
          [
            104.2864674,
            21.4648939
          ],
          [
            104.2865303,
            21.4646652
          ],
          [
            104.2868599,
            21.4645472
          ],
          [
            104.2869636,
            21.4640594
          ],
          [
            104.2870943,
            21.4639823
          ],
          [
            104.287319,
            21.4636432
          ],
          [
            104.2874927,
            21.4635313
          ],
          [
            104.2874514,
            21.463437
          ],
          [
            104.2875129,
            21.4633834
          ],
          [
            104.2875973,
            21.4632704
          ],
          [
            104.2877548,
            21.4631193
          ],
          [
            104.2885899,
            21.4624834
          ],
          [
            104.2888334,
            21.4624341
          ],
          [
            104.288877,
            21.4622322
          ],
          [
            104.289342,
            21.4622796
          ],
          [
            104.2896841,
            21.4622718
          ],
          [
            104.2899189,
            21.4622141
          ],
          [
            104.2899378,
            21.4619616
          ],
          [
            104.2904312,
            21.4616164
          ],
          [
            104.2904273,
            21.4614877
          ],
          [
            104.2906469,
            21.4613019
          ],
          [
            104.290791,
            21.4612705
          ],
          [
            104.2908051,
            21.4611534
          ],
          [
            104.2911597,
            21.4608651
          ],
          [
            104.2914679,
            21.460451
          ],
          [
            104.291759,
            21.4600321
          ],
          [
            104.2918854,
            21.4600671
          ],
          [
            104.2921641,
            21.4598927
          ],
          [
            104.2924831,
            21.4598017
          ],
          [
            104.2927899,
            21.4596166
          ],
          [
            104.2931061,
            21.4593908
          ],
          [
            104.2933075,
            21.459088
          ],
          [
            104.2938032,
            21.4587731
          ],
          [
            104.2942384,
            21.4585379
          ],
          [
            104.2941582,
            21.4582881
          ],
          [
            104.2939349,
            21.4581125
          ],
          [
            104.2942211,
            21.457842
          ],
          [
            104.2945248,
            21.4579632
          ],
          [
            104.2947419,
            21.4578348
          ],
          [
            104.2948012,
            21.45689
          ],
          [
            104.2950948,
            21.4568008
          ],
          [
            104.2950253,
            21.4566632
          ],
          [
            104.2951795,
            21.456521
          ],
          [
            104.2951549,
            21.4562616
          ],
          [
            104.2948518,
            21.4559606
          ],
          [
            104.2946154,
            21.455725
          ],
          [
            104.2949822,
            21.4553171
          ],
          [
            104.2953736,
            21.4553842
          ],
          [
            104.2953707,
            21.4551908
          ],
          [
            104.2955859,
            21.4550423
          ],
          [
            104.2957601,
            21.4551527
          ],
          [
            104.2961066,
            21.4552942
          ],
          [
            104.2966915,
            21.4550882
          ],
          [
            104.296938,
            21.4552122
          ],
          [
            104.297126,
            21.4551017
          ],
          [
            104.297432,
            21.4551974
          ],
          [
            104.2976279,
            21.4552831
          ],
          [
            104.2977983,
            21.4556027
          ],
          [
            104.2989718,
            21.4548041
          ],
          [
            104.299328,
            21.4551599
          ],
          [
            104.2999151,
            21.4547315
          ],
          [
            104.2999365,
            21.4547992
          ],
          [
            104.300141,
            21.4546548
          ],
          [
            104.3001845,
            21.45472
          ],
          [
            104.3006416,
            21.4545346
          ],
          [
            104.300606,
            21.4544414
          ],
          [
            104.3009004,
            21.4541727
          ],
          [
            104.3010834,
            21.4542272
          ],
          [
            104.3010816,
            21.4541451
          ],
          [
            104.3015962,
            21.453906
          ],
          [
            104.3020143,
            21.4539714
          ],
          [
            104.3021258,
            21.4538552
          ],
          [
            104.3023587,
            21.4538343
          ],
          [
            104.3023897,
            21.4537548
          ],
          [
            104.3025442,
            21.4533584
          ],
          [
            104.3028768,
            21.4535052
          ],
          [
            104.3029409,
            21.4533336
          ],
          [
            104.3029014,
            21.4531504
          ],
          [
            104.3033421,
            21.4530572
          ],
          [
            104.303589,
            21.4531163
          ],
          [
            104.3039968,
            21.4530911
          ],
          [
            104.3042033,
            21.4530942
          ],
          [
            104.3043194,
            21.4528598
          ],
          [
            104.3040707,
            21.4528851
          ],
          [
            104.3040343,
            21.4528277
          ],
          [
            104.3038251,
            21.452734
          ],
          [
            104.3035784,
            21.4528962
          ],
          [
            104.3035034,
            21.4528059
          ],
          [
            104.303257,
            21.4528142
          ],
          [
            104.303033,
            21.4527058
          ],
          [
            104.3029297,
            21.4525283
          ],
          [
            104.3028686,
            21.4522046
          ],
          [
            104.3026754,
            21.4521629
          ],
          [
            104.3025144,
            21.4516326
          ],
          [
            104.3023541,
            21.4514356
          ],
          [
            104.302033,
            21.4510779
          ],
          [
            104.301869,
            21.4507435
          ],
          [
            104.3018861,
            21.450496
          ],
          [
            104.3014798,
            21.4502779
          ],
          [
            104.301187,
            21.4498089
          ],
          [
            104.3008071,
            21.4494221
          ],
          [
            104.3006362,
            21.4493032
          ],
          [
            104.3004951,
            21.449205
          ],
          [
            104.3004849,
            21.4490654
          ],
          [
            104.300312,
            21.4488522
          ],
          [
            104.3002709,
            21.4485806
          ],
          [
            104.3003089,
            21.4482549
          ],
          [
            104.3001699,
            21.4479493
          ],
          [
            104.3001217,
            21.4477052
          ],
          [
            104.3002096,
            21.447185
          ],
          [
            104.3001363,
            21.4470394
          ],
          [
            104.3002531,
            21.4467734
          ],
          [
            104.3004598,
            21.4465871
          ],
          [
            104.3005048,
            21.4464718
          ],
          [
            104.3002612,
            21.4449901
          ],
          [
            104.3003013,
            21.4444345
          ],
          [
            104.3001081,
            21.4443171
          ],
          [
            104.3000554,
            21.444087
          ],
          [
            104.2999244,
            21.4438604
          ],
          [
            104.2997852,
            21.4435628
          ],
          [
            104.2998047,
            21.4432884
          ],
          [
            104.2997042,
            21.4425497
          ],
          [
            104.2995301,
            21.4422177
          ],
          [
            104.2993613,
            21.4420605
          ],
          [
            104.2993718,
            21.4418093
          ],
          [
            104.2992534,
            21.4416616
          ],
          [
            104.299249,
            21.4415425
          ],
          [
            104.2991154,
            21.441391
          ],
          [
            104.2990086,
            21.4412744
          ],
          [
            104.2987194,
            21.4407352
          ],
          [
            104.2987881,
            21.4404673
          ],
          [
            104.2986379,
            21.4402127
          ],
          [
            104.2986502,
            21.4396693
          ],
          [
            104.2986548,
            21.4394672
          ],
          [
            104.2988742,
            21.4389763
          ],
          [
            104.2991274,
            21.438875
          ],
          [
            104.2993299,
            21.4384101
          ],
          [
            104.2997738,
            21.4384215
          ],
          [
            104.3000329,
            21.4385378
          ],
          [
            104.3004513,
            21.4384699
          ],
          [
            104.3006551,
            21.4383022
          ],
          [
            104.3010287,
            21.4383274
          ],
          [
            104.3014705,
            21.4379876
          ],
          [
            104.3020702,
            21.4379173
          ],
          [
            104.3028727,
            21.4378078
          ],
          [
            104.3032093,
            21.4374104
          ],
          [
            104.3032954,
            21.4369421
          ],
          [
            104.3035035,
            21.4366945
          ],
          [
            104.3036915,
            21.4363689
          ],
          [
            104.3036649,
            21.4359933
          ],
          [
            104.3032975,
            21.435559
          ],
          [
            104.303498,
            21.4351628
          ],
          [
            104.3035861,
            21.4346115
          ],
          [
            104.3038609,
            21.434276
          ],
          [
            104.3038722,
            21.4337595
          ],
          [
            104.3038213,
            21.4336589
          ],
          [
            104.3037365,
            21.4335668
          ],
          [
            104.3036857,
            21.4334801
          ],
          [
            104.30368,
            21.4333591
          ],
          [
            104.3037139,
            21.4332487
          ],
          [
            104.3037676,
            21.4331961
          ],
          [
            104.3038975,
            21.433133
          ],
          [
            104.3040952,
            21.4331304
          ],
          [
            104.3042929,
            21.4331541
          ],
          [
            104.3044483,
            21.4331409
          ],
          [
            104.3045726,
            21.4330988
          ],
          [
            104.3046517,
            21.4330147
          ],
          [
            104.3047449,
            21.4329437
          ],
          [
            104.3048211,
            21.4329227
          ],
          [
            104.3049652,
            21.4329726
          ],
          [
            104.3051036,
            21.4330515
          ],
          [
            104.3052448,
            21.4331488
          ],
          [
            104.305386,
            21.433204
          ],
          [
            104.3054623,
            21.4332066
          ],
          [
            104.3057193,
            21.4332014
          ],
          [
            104.3058719,
            21.4331672
          ],
          [
            104.3060272,
            21.4330778
          ],
          [
            104.30616,
            21.4329279
          ],
          [
            104.3062108,
            21.4328754
          ],
          [
            104.3062814,
            21.4328333
          ],
          [
            104.3063972,
            21.4328228
          ],
          [
            104.3065271,
            21.432857
          ],
          [
            104.306674,
            21.4328727
          ],
          [
            104.3068322,
            21.4327965
          ],
          [
            104.3069904,
            21.4326545
          ],
          [
            104.3071542,
            21.4325756
          ],
          [
            104.3073519,
            21.4324389
          ],
          [
            104.3075157,
            21.4322891
          ],
          [
            104.3077276,
            21.4321208
          ],
          [
            104.3079846,
            21.4319183
          ],
          [
            104.308188,
            21.4318
          ],
          [
            104.3083772,
            21.4316791
          ],
          [
            104.30851,
            21.4315976
          ],
          [
            104.3086455,
            21.4315345
          ],
          [
            104.3088235,
            21.4314609
          ],
          [
            104.3089873,
            21.4314083
          ],
          [
            104.3091907,
            21.4313846
          ],
          [
            104.3094449,
            21.4313715
          ],
          [
            104.309668,
            21.4313872
          ],
          [
            104.3098403,
            21.4313977
          ],
          [
            104.3100295,
            21.4314582
          ],
          [
            104.3102075,
            21.4315213
          ],
          [
            104.31036,
            21.4315397
          ],
          [
            104.3104928,
            21.4315424
          ],
          [
            104.3106086,
            21.4316028
          ],
          [
            104.3107639,
            21.4316791
          ],
          [
            104.3108995,
            21.431708
          ],
          [
            104.3110972,
            21.4317711
          ],
          [
            104.3112215,
            21.4318237
          ],
          [
            104.3113571,
            21.4318395
          ],
          [
            104.3114559,
            21.4318289
          ],
          [
            104.3115491,
            21.4317553
          ],
          [
            104.3116988,
            21.4316633
          ],
          [
            104.3118429,
            21.4315739
          ],
          [
            104.3119954,
            21.4315134
          ],
          [
            104.3120999,
            21.4314871
          ],
          [
            104.3122157,
            21.4314977
          ],
          [
            104.3123541,
            21.4315029
          ],
          [
            104.3125603,
            21.4314609
          ],
          [
            104.3127693,
            21.4314056
          ],
          [
            104.3128512,
            21.4313793
          ],
          [
            104.3129727,
            21.4313294
          ],
          [
            104.3130461,
            21.431261
          ],
          [
            104.3131167,
            21.4311769
          ],
          [
            104.3132071,
            21.4311138
          ],
          [
            104.3133257,
            21.4310665
          ],
          [
            104.31345,
            21.4309876
          ],
          [
            104.3135404,
            21.4308666
          ],
          [
            104.3136054,
            21.4307641
          ],
          [
            104.3136901,
            21.4306905
          ],
          [
            104.3138087,
            21.4306221
          ],
          [
            104.3138907,
            21.4305748
          ],
          [
            104.3139669,
            21.4305722
          ],
          [
            104.3140319,
            21.4305774
          ],
          [
            104.3141364,
            21.4306142
          ],
          [
            104.314351,
            21.4306931
          ],
          [
            104.314594,
            21.4307352
          ],
          [
            104.3147832,
            21.4307562
          ],
          [
            104.3150459,
            21.4307536
          ],
          [
            104.315269,
            21.4306905
          ],
          [
            104.3153961,
            21.430651
          ],
          [
            104.3156051,
            21.4305327
          ],
          [
            104.3157379,
            21.4304223
          ],
          [
            104.3159384,
            21.4302672
          ],
          [
            104.3160873,
            21.4301356
          ],
          [
            104.3161512,
            21.4300623
          ],
          [
            104.3162336,
            21.4299971
          ],
          [
            104.3163357,
            21.4298907
          ],
          [
            104.3164291,
            21.4298128
          ],
          [
            104.3165594,
            21.4297476
          ],
          [
            104.3166602,
            21.4296789
          ],
          [
            104.3167192,
            21.4295897
          ],
          [
            104.3167783,
            21.4295221
          ],
          [
            104.316841,
            21.4294924
          ],
          [
            104.3169369,
            21.4294603
          ],
          [
            104.3170032,
            21.4293894
          ],
          [
            104.3170881,
            21.429331
          ],
          [
            104.3171864,
            21.4292612
          ],
          [
            104.3173094,
            21.4292005
          ],
          [
            104.317409,
            21.4291777
          ],
          [
            104.3174889,
            21.4291559
          ],
          [
            104.3175823,
            21.4291181
          ],
          [
            104.3176241,
            21.4290827
          ],
          [
            104.3176905,
            21.4290495
          ],
          [
            104.3177594,
            21.42903
          ],
          [
            104.3178196,
            21.4290003
          ],
          [
            104.3178712,
            21.428982
          ],
          [
            104.3179352,
            21.4290037
          ],
          [
            104.3179856,
            21.4290426
          ],
          [
            104.3180089,
            21.4290987
          ],
          [
            104.318047,
            21.4291502
          ],
          [
            104.3180974,
            21.4291799
          ],
          [
            104.3181589,
            21.4291983
          ],
          [
            104.318272,
            21.4292166
          ],
          [
            104.3183618,
            21.4292417
          ],
          [
            104.3184269,
            21.4292566
          ],
          [
            104.3184687,
            21.4292566
          ],
          [
            104.3185019,
            21.4292486
          ],
          [
            104.3185216,
            21.4292372
          ],
          [
            104.3185523,
            21.4291971
          ],
          [
            104.318572,
            21.4291616
          ],
          [
            104.3186015,
            21.4291136
          ],
          [
            104.3186532,
            21.4290678
          ],
          [
            104.3186876,
            21.4290289
          ],
          [
            104.3187601,
            21.4289614
          ],
          [
            104.318813,
            21.4289007
          ],
          [
            104.3188388,
            21.4288641
          ],
          [
            104.3189199,
            21.4288126
          ],
          [
            104.3189925,
            21.4287588
          ],
          [
            104.3190675,
            21.4287096
          ],
          [
            104.3191769,
            21.428626
          ],
          [
            104.3192408,
            21.4285585
          ],
          [
            104.3192974,
            21.4284887
          ],
          [
            104.3193503,
            21.4284166
          ],
          [
            104.3193798,
            21.4283548
          ],
          [
            104.3194142,
            21.4283239
          ],
          [
            104.3194449,
            21.4283079
          ],
          [
            104.3195002,
            21.4282976
          ],
          [
            104.3195396,
            21.4282747
          ],
          [
            104.3195777,
            21.4282232
          ],
          [
            104.3196392,
            21.4281717
          ],
          [
            104.3197215,
            21.428152
          ],
          [
            104.3198191,
            21.4281483
          ],
          [
            104.3198992,
            21.4281393
          ],
          [
            104.3199347,
            21.4281423
          ],
          [
            104.3199534,
            21.4281693
          ],
          [
            104.3199668,
            21.4282055
          ],
          [
            104.3200063,
            21.4282659
          ],
          [
            104.32008,
            21.4283275
          ],
          [
            104.3201612,
            21.4283481
          ],
          [
            104.3202669,
            21.4283412
          ],
          [
            104.3203603,
            21.4283435
          ],
          [
            104.3204021,
            21.428371
          ],
          [
            104.3204857,
            21.4284534
          ],
          [
            104.3205423,
            21.4285129
          ],
          [
            104.3205989,
            21.4285289
          ],
          [
            104.3206898,
            21.4285404
          ],
          [
            104.3207882,
            21.428561
          ],
          [
            104.3208595,
            21.4286068
          ],
          [
            104.3209603,
            21.4286571
          ],
          [
            104.3211128,
            21.4286892
          ],
          [
            104.3213046,
            21.4287395
          ],
          [
            104.321489,
            21.4287922
          ],
          [
            104.3216119,
            21.4288242
          ],
          [
            104.3217103,
            21.4288677
          ],
          [
            104.3218578,
            21.4289203
          ],
          [
            104.3218921,
            21.4289285
          ]
        ]
      },
      "id": "relation/15054549"
    },
    {
      "type": "Feature",
      "properties": {
        "@id": "relation/18392791",
        "colour": "blue",
        "name": "Lang Biang Peak",
        "route": "hiking",
        "type": "route"
      },
      "geometry": {
        "type": "LineString",
        "coordinates": [
          [
            108.4262675,
            12.023107
          ],
          [
            108.4263599,
            12.0232132
          ],
          [
            108.4264725,
            12.0233601
          ],
          [
            108.4265369,
            12.0242992
          ],
          [
            108.4267944,
            12.0263297
          ],
          [
            108.4264189,
            12.0263664
          ],
          [
            108.426376,
            12.0271115
          ],
          [
            108.4265208,
            12.0277201
          ],
          [
            108.4265006,
            12.0284951
          ],
          [
            108.4264404,
            12.0288691
          ],
          [
            108.4260969,
            12.0297789
          ],
          [
            108.4259897,
            12.0305847
          ],
          [
            108.4261453,
            12.031655
          ],
          [
            108.4264005,
            12.0324092
          ],
          [
            108.4266267,
            12.0324872
          ],
          [
            108.4266599,
            12.032966
          ],
          [
            108.4267745,
            12.033321
          ],
          [
            108.4266925,
            12.0338481
          ],
          [
            108.4267837,
            12.0342941
          ],
          [
            108.426789,
            12.034803
          ],
          [
            108.4254285,
            12.0370822
          ],
          [
            108.4253194,
            12.037204
          ],
          [
            108.4254871,
            12.0378927
          ],
          [
            108.4254972,
            12.0379744
          ],
          [
            108.4256642,
            12.0381601
          ],
          [
            108.4259699,
            12.0381916
          ],
          [
            108.4261416,
            12.038286
          ],
          [
            108.4262704,
            12.0385693
          ],
          [
            108.4263937,
            12.0389208
          ],
          [
            108.4265654,
            12.0391464
          ],
          [
            108.4268068,
            12.039372
          ],
          [
            108.4269248,
            12.0395084
          ],
          [
            108.4269624,
            12.0397183
          ],
          [
            108.4270857,
            12.0398862
          ],
          [
            108.4274237,
            12.0404161
          ],
          [
            108.4276812,
            12.0407623
          ],
          [
            108.4277724,
            12.0408725
          ],
          [
            108.4279065,
            12.0409302
          ],
          [
            108.4279709,
            12.041266
          ],
          [
            108.4282015,
            12.0415598
          ],
          [
            108.4284698,
            12.0417382
          ],
          [
            108.4286843,
            12.0418221
          ],
          [
            108.4287594,
            12.0419585
          ],
          [
            108.4285717,
            12.042373
          ],
          [
            108.4285073,
            12.0426825
          ],
          [
            108.4286414,
            12.0429186
          ],
          [
            108.4288506,
            12.0430025
          ],
          [
            108.4291242,
            12.0433068
          ],
          [
            108.4293254,
            12.0436321
          ],
          [
            108.4294005,
            12.0437642
          ],
          [
            108.4295145,
            12.043902
          ],
          [
            108.4296781,
            12.0440607
          ],
          [
            108.4297089,
            12.0441043
          ],
          [
            108.4297331,
            12.0441708
          ],
          [
            108.4297398,
            12.0443741
          ],
          [
            108.4297653,
            12.0444531
          ],
          [
            108.4298538,
            12.04458
          ],
          [
            108.4299906,
            12.0447601
          ],
          [
            108.4301059,
            12.0448896
          ],
          [
            108.4302065,
            12.0449686
          ],
          [
            108.4303299,
            12.0450352
          ],
          [
            108.4304532,
            12.0450788
          ],
          [
            108.4305793,
            12.0451414
          ],
          [
            108.4307322,
            12.0452493
          ],
          [
            108.4309253,
            12.0454326
          ],
          [
            108.4314122,
            12.0457569
          ],
          [
            108.431502,
            12.0458038
          ],
          [
            108.4315838,
            12.0458274
          ],
          [
            108.431683,
            12.0458339
          ],
          [
            108.4318078,
            12.0458172
          ],
          [
            108.4318855,
            12.0458339
          ],
          [
            108.432131,
            12.0459611
          ],
          [
            108.4322597,
            12.0459821
          ],
          [
            108.4325132,
            12.045989
          ],
          [
            108.4327425,
            12.045972
          ],
          [
            108.4329236,
            12.0460008
          ],
          [
            108.4330255,
            12.0460218
          ],
          [
            108.4331126,
            12.04607
          ],
          [
            108.4331865,
            12.0461267
          ],
          [
            108.4333045,
            12.046191
          ],
          [
            108.4334962,
            12.04625
          ],
          [
            108.4336947,
            12.0463287
          ],
          [
            108.433979,
            12.046549
          ],
          [
            108.4341829,
            12.0466068
          ],
          [
            108.4343706,
            12.0467537
          ],
          [
            108.4345101,
            12.0468848
          ],
          [
            108.4347086,
            12.0468848
          ],
          [
            108.4349929,
            12.0469215
          ],
          [
            108.4351002,
            12.0468796
          ],
          [
            108.4352021,
            12.0469478
          ],
          [
            108.4353791,
            12.047037
          ],
          [
            108.435524,
            12.0472101
          ],
          [
            108.4358458,
            12.0474409
          ],
          [
            108.4360819,
            12.0474619
          ],
          [
            108.4365593,
            12.0477032
          ],
          [
            108.4368222,
            12.0477032
          ],
          [
            108.437026,
            12.0477662
          ],
          [
            108.4374283,
            12.0475826
          ],
          [
            108.4376215,
            12.0475773
          ],
          [
            108.4379058,
            12.0475511
          ],
          [
            108.4380667,
            12.0475511
          ],
          [
            108.4382759,
            12.0475878
          ],
          [
            108.4384583,
            12.0477295
          ],
          [
            108.4385978,
            12.0476822
          ],
          [
            108.4387426,
            12.047719
          ],
          [
            108.438866,
            12.0479551
          ],
          [
            108.4391181,
            12.0478606
          ],
          [
            108.4393005,
            12.047719
          ],
          [
            108.4394132,
            12.0476088
          ],
          [
            108.4396009,
            12.0476088
          ],
          [
            108.4397297,
            12.0474829
          ],
          [
            108.439896,
            12.0473885
          ],
          [
            108.4400945,
            12.0473203
          ],
          [
            108.4401749,
            12.0472311
          ],
          [
            108.4401857,
            12.0471156
          ],
          [
            108.4402554,
            12.0470474
          ],
          [
            108.4405155,
            12.0473042
          ]
        ]
      },
      "id": "relation/18392791"
    },
    {
      "type": "Feature",
      "properties": {
        "@id": "relation/18788514",
        "colour": "red",
        "name": "Đường Tiên Sơn Đỉnh",
        "network": "lwn",
        "osmc:symbol": "red:none",
        "route": "hiking",
        "type": "route"
      },
      "geometry": {
        "type": "LineString",
        "coordinates": [
          [
            104.0256998,
            10.1817673
          ],
          [
            104.0257058,
            10.1817921
          ],
          [
            104.0257051,
            10.1818135
          ],
          [
            104.0257048,
            10.1818353
          ],
          [
            104.0257289,
            10.181896
          ],
          [
            104.0257138,
            10.1819295
          ],
          [
            104.0257048,
            10.1819495
          ],
          [
            104.0256581,
            10.1820059
          ],
          [
            104.0255862,
            10.1820604
          ],
          [
            104.0254861,
            10.1820134
          ],
          [
            104.0253119,
            10.1819865
          ],
          [
            104.0251945,
            10.1819442
          ],
          [
            104.0251898,
            10.1818776
          ],
          [
            104.0252213,
            10.1818254
          ],
          [
            104.0252562,
            10.1817502
          ],
          [
            104.025279,
            10.1816947
          ],
          [
            104.0253635,
            10.1816063
          ],
          [
            104.025424,
            10.1815321
          ],
          [
            104.0254745,
            10.1815133
          ],
          [
            104.0255676,
            10.1814804
          ],
          [
            104.02573,
            10.1813406
          ],
          [
            104.0258568,
            10.1813004
          ],
          [
            104.0259498,
            10.1812305
          ],
          [
            104.0261238,
            10.1811082
          ],
          [
            104.0261723,
            10.1810491
          ],
          [
            104.026252,
            10.1809826
          ],
          [
            104.0262927,
            10.1809504
          ],
          [
            104.0263613,
            10.1809009
          ],
          [
            104.0263716,
            10.1808872
          ],
          [
            104.026456,
            10.1807753
          ],
          [
            104.0265569,
            10.1806751
          ],
          [
            104.0264887,
            10.1806203
          ],
          [
            104.0264079,
            10.1805173
          ],
          [
            104.0263519,
            10.1803738
          ],
          [
            104.0263775,
            10.1801936
          ],
          [
            104.0264533,
            10.1800521
          ],
          [
            104.0264956,
            10.1799099
          ],
          [
            104.0265104,
            10.1798177
          ],
          [
            104.0265142,
            10.179766
          ],
          [
            104.0265988,
            10.1796566
          ],
          [
            104.0266056,
            10.1795115
          ],
          [
            104.0265584,
            10.1793306
          ],
          [
            104.0265573,
            10.1791597
          ],
          [
            104.0267038,
            10.1789604
          ],
          [
            104.0267685,
            10.1788755
          ],
          [
            104.0267761,
            10.1787763
          ],
          [
            104.0269074,
            10.1786378
          ],
          [
            104.0270041,
            10.1785373
          ],
          [
            104.0270964,
            10.1784084
          ],
          [
            104.0272456,
            10.1781502
          ],
          [
            104.0273694,
            10.1778858
          ],
          [
            104.0274015,
            10.1776665
          ],
          [
            104.0274867,
            10.1774839
          ],
          [
            104.027561,
            10.1772475
          ],
          [
            104.0275797,
            10.1771993
          ],
          [
            104.0275845,
            10.1771862
          ],
          [
            104.0276058,
            10.1771331
          ],
          [
            104.02765,
            10.1770917
          ],
          [
            104.0276995,
            10.177082
          ],
          [
            104.0278611,
            10.1770852
          ],
          [
            104.0279402,
            10.177095
          ],
          [
            104.0279864,
            10.1770528
          ],
          [
            104.0281249,
            10.1764717
          ],
          [
            104.0281941,
            10.1760693
          ],
          [
            104.0283018,
            10.175463
          ]
        ]
      },
      "id": "relation/18788514"
    },
    {
      "type": "Feature",
      "properties": {
        "@id": "relation/19283687",
        "name": "Nui Dinh Red Route",
        "route": "hiking",
        "type": "route"
      },
      "geometry": {
        "type": "LineString",
        "coordinates": [
          [
            107.1173365,
            10.5194166
          ],
          [
            107.1174261,
            10.5194543
          ],
          [
            107.1175125,
            10.5194907
          ],
          [
            107.1176045,
            10.5194763
          ],
          [
            107.1178437,
            10.5193814
          ],
          [
            107.1179342,
            10.5194029
          ],
          [
            107.1180072,
            10.5195034
          ],
          [
            107.1180583,
            10.519591
          ],
          [
            107.1180963,
            10.519723
          ],
          [
            107.1181459,
            10.5198522
          ],
          [
            107.1182058,
            10.519957
          ],
          [
            107.118235,
            10.5199972
          ],
          [
            107.118324,
            10.5200159
          ],
          [
            107.118397,
            10.5200159
          ],
          [
            107.1185211,
            10.5199829
          ],
          [
            107.1187606,
            10.5199355
          ],
          [
            107.1188905,
            10.5198881
          ],
          [
            107.1191227,
            10.5197934
          ],
          [
            107.1192015,
            10.5197144
          ],
          [
            107.1193329,
            10.5195422
          ],
          [
            107.1194672,
            10.5193929
          ],
          [
            107.1195489,
            10.5193104
          ],
          [
            107.1196212,
            10.5192579
          ],
          [
            107.1197293,
            10.5192679
          ],
          [
            107.1199899,
            10.5192479
          ],
          [
            107.1202369,
            10.5192315
          ],
          [
            107.1203315,
            10.5192899
          ],
          [
            107.1204424,
            10.5194787
          ],
          [
            107.1206371,
            10.5195318
          ],
          [
            107.1207155,
            10.5195956
          ],
          [
            107.1207668,
            10.5197445
          ],
          [
            107.1209236,
            10.5197153
          ],
          [
            107.1210394,
            10.519673
          ],
          [
            107.1212094,
            10.5198772
          ],
          [
            107.1213823,
            10.5199007
          ],
          [
            107.1214882,
            10.520099
          ],
          [
            107.1215256,
            10.5203656
          ],
          [
            107.1217986,
            10.5204979
          ],
          [
            107.1220402,
            10.5205834
          ],
          [
            107.1221695,
            10.5207629
          ],
          [
            107.1222322,
            10.5210398
          ],
          [
            107.1223805,
            10.521122
          ],
          [
            107.1226076,
            10.521154
          ],
          [
            107.1227858,
            10.5210842
          ],
          [
            107.1228157,
            10.5212258
          ],
          [
            107.1229277,
            10.5212926
          ],
          [
            107.1230019,
            10.5214028
          ],
          [
            107.1231591,
            10.5214725
          ],
          [
            107.1232853,
            10.5216189
          ],
          [
            107.1233577,
            10.5217734
          ],
          [
            107.1235854,
            10.5219398
          ],
          [
            107.1238134,
            10.5220412
          ],
          [
            107.1240026,
            10.5221546
          ],
          [
            107.1241378,
            10.5222751
          ],
          [
            107.124199,
            10.5224217
          ],
          [
            107.1243233,
            10.5224359
          ],
          [
            107.1244631,
            10.5226293
          ],
          [
            107.1245789,
            10.5226906
          ],
          [
            107.1246905,
            10.522907
          ],
          [
            107.1249406,
            10.5229776
          ],
          [
            107.1250775,
            10.5231315
          ],
          [
            107.1251451,
            10.5233165
          ],
          [
            107.1250402,
            10.5234999
          ],
          [
            107.1251444,
            10.523958
          ],
          [
            107.1250354,
            10.5240602
          ],
          [
            107.1249236,
            10.5242864
          ],
          [
            107.1242479,
            10.5253782
          ],
          [
            107.1240953,
            10.5255102
          ],
          [
            107.1239955,
            10.5258353
          ],
          [
            107.1240112,
            10.5259566
          ],
          [
            107.1241105,
            10.5260738
          ],
          [
            107.1237408,
            10.5262888
          ],
          [
            107.1233692,
            10.5265613
          ],
          [
            107.1232213,
            10.5266289
          ],
          [
            107.1231377,
            10.5267603
          ],
          [
            107.1229769,
            10.5268809
          ],
          [
            107.1228365,
            10.5269011
          ],
          [
            107.1225085,
            10.5271245
          ],
          [
            107.1223732,
            10.5273464
          ],
          [
            107.1220234,
            10.5274964
          ],
          [
            107.1216462,
            10.5277611
          ],
          [
            107.1216055,
            10.5278828
          ],
          [
            107.1216581,
            10.5279888
          ],
          [
            107.1217471,
            10.5281191
          ],
          [
            107.1218398,
            10.528345
          ],
          [
            107.1218443,
            10.5285271
          ],
          [
            107.1219089,
            10.5287744
          ],
          [
            107.1221463,
            10.5288698
          ],
          [
            107.1224403,
            10.5288179
          ],
          [
            107.1227909,
            10.5289305
          ],
          [
            107.1229052,
            10.5289053
          ],
          [
            107.1231381,
            10.5290035
          ],
          [
            107.1235409,
            10.5291512
          ],
          [
            107.1238753,
            10.5291349
          ],
          [
            107.1242004,
            10.5291584
          ],
          [
            107.1243971,
            10.529171
          ],
          [
            107.1245208,
            10.5293489
          ],
          [
            107.1244697,
            10.5295091
          ],
          [
            107.1243274,
            10.5295786
          ],
          [
            107.1242006,
            10.5297429
          ],
          [
            107.1240281,
            10.5297586
          ],
          [
            107.1237818,
            10.5298637
          ],
          [
            107.1236659,
            10.5299965
          ],
          [
            107.1234664,
            10.5300939
          ],
          [
            107.1231331,
            10.5307028
          ],
          [
            107.1231401,
            10.5308864
          ],
          [
            107.1233563,
            10.5313694
          ],
          [
            107.1233582,
            10.5315575
          ],
          [
            107.1233307,
            10.5317967
          ],
          [
            107.1233307,
            10.5319271
          ],
          [
            107.1236273,
            10.5320261
          ],
          [
            107.1239751,
            10.5321969
          ],
          [
            107.1241476,
            10.5323103
          ],
          [
            107.1244418,
            10.5323693
          ],
          [
            107.1245909,
            10.532318
          ],
          [
            107.1247328,
            10.5323234
          ],
          [
            107.1247587,
            10.5320669
          ],
          [
            107.1248565,
            10.5319885
          ],
          [
            107.1249995,
            10.5321013
          ],
          [
            107.1252051,
            10.532079
          ],
          [
            107.1253379,
            10.532182
          ],
          [
            107.1255401,
            10.5321112
          ],
          [
            107.1257271,
            10.5321994
          ],
          [
            107.1259558,
            10.5323372
          ],
          [
            107.1264889,
            10.5327811
          ],
          [
            107.1266966,
            10.532662
          ],
          [
            107.1269379,
            10.5323364
          ],
          [
            107.1269972,
            10.5321552
          ],
          [
            107.1270566,
            10.5318665
          ],
          [
            107.1271378,
            10.5315808
          ],
          [
            107.1271972,
            10.5314211
          ],
          [
            107.1272909,
            10.5313505
          ],
          [
            107.1274377,
            10.5313044
          ],
          [
            107.1275908,
            10.5312921
          ],
          [
            107.1277876,
            10.5312768
          ],
          [
            107.1280094,
            10.5312706
          ],
          [
            107.1281,
            10.5312614
          ],
          [
            107.128225,
            10.5312184
          ],
          [
            107.1283062,
            10.5311692
          ],
          [
            107.1283812,
            10.5311416
          ],
          [
            107.128478,
            10.5311293
          ],
          [
            107.1286436,
            10.5311385
          ],
          [
            107.1288342,
            10.5311447
          ],
          [
            107.1289154,
            10.5311017
          ],
          [
            107.1290404,
            10.5310587
          ],
          [
            107.1292216,
            10.5310095
          ],
          [
            107.129334,
            10.5309788
          ],
          [
            107.1294215,
            10.5309143
          ],
          [
            107.1294903,
            10.5308007
          ],
          [
            107.1296152,
            10.5305918
          ],
          [
            107.1297433,
            10.5304782
          ],
          [
            107.1298495,
            10.5304321
          ],
          [
            107.1299839,
            10.5304045
          ],
          [
            107.1301651,
            10.5303922
          ],
          [
            107.1303244,
            10.5303614
          ],
          [
            107.1304837,
            10.5303
          ],
          [
            107.1306337,
            10.5302386
          ],
          [
            107.1308367,
            10.530171
          ],
          [
            107.1310773,
            10.5301219
          ],
          [
            107.1312304,
            10.5300113
          ],
          [
            107.1313397,
            10.5298547
          ],
          [
            107.1314209,
            10.5297349
          ],
          [
            107.1315084,
            10.5296519
          ],
          [
            107.1316178,
            10.5295751
          ],
          [
            107.1316865,
            10.529483
          ],
          [
            107.131724,
            10.5293509
          ],
          [
            107.1317427,
            10.5292158
          ],
          [
            107.1317615,
            10.5290069
          ],
          [
            107.1318115,
            10.5288226
          ],
          [
            107.1318864,
            10.528666
          ],
          [
            107.1319895,
            10.5285462
          ],
          [
            107.1320926,
            10.528494
          ],
          [
            107.1321957,
            10.5284541
          ],
          [
            107.1323238,
            10.5284541
          ],
          [
            107.1324894,
            10.5284756
          ],
          [
            107.1325706,
            10.5285308
          ],
          [
            107.1326643,
            10.5285339
          ],
          [
            107.1326956,
            10.5284817
          ],
          [
            107.1327018,
            10.528408
          ],
          [
            107.1327299,
            10.5282728
          ],
          [
            107.1327581,
            10.5281285
          ],
          [
            107.1327893,
            10.5279073
          ],
          [
            107.1328299,
            10.5277415
          ],
          [
            107.1328955,
            10.5275787
          ],
          [
            107.1329861,
            10.5274159
          ],
          [
            107.1330923,
            10.5272592
          ],
          [
            107.1331861,
            10.5271026
          ],
          [
            107.1332548,
            10.5270012
          ],
          [
            107.1333454,
            10.5269337
          ],
          [
            107.1334641,
            10.5269029
          ],
          [
            107.1336422,
            10.5269029
          ],
          [
            107.1337828,
            10.5269306
          ],
          [
            107.1338827,
            10.5269337
          ],
          [
            107.1339733,
            10.5269091
          ],
          [
            107.1340389,
            10.5268722
          ],
          [
            107.1341313,
            10.5268188
          ],
          [
            107.1341442,
            10.5268378
          ],
          [
            107.1342333,
            10.5270358
          ],
          [
            107.1344427,
            10.5274477
          ],
          [
            107.1345835,
            10.5273423
          ],
          [
            107.1347051,
            10.5272488
          ],
          [
            107.1349363,
            10.5270307
          ],
          [
            107.1351581,
            10.5268618
          ],
          [
            107.1352893,
            10.526742
          ],
          [
            107.1354174,
            10.5265977
          ],
          [
            107.1355143,
            10.5264441
          ],
          [
            107.135733,
            10.5263028
          ],
          [
            107.1358579,
            10.5261953
          ],
          [
            107.1359891,
            10.526097
          ],
          [
            107.1361453,
            10.5260571
          ],
          [
            107.1364296,
            10.5260325
          ],
          [
            107.1366983,
            10.5259987
          ],
          [
            107.1369919,
            10.5259557
          ],
          [
            107.1372387,
            10.5258666
          ],
          [
            107.1373762,
            10.5258175
          ],
          [
            107.1375168,
            10.5257899
          ],
          [
            107.1377355,
            10.5257837
          ],
          [
            107.1378698,
            10.5257622
          ],
          [
            107.1380448,
            10.5256916
          ],
          [
            107.1382384,
            10.5257192
          ],
          [
            107.138529,
            10.5257776
          ],
          [
            107.1387258,
            10.5258421
          ],
          [
            107.1389351,
            10.5260417
          ],
          [
            107.1390913,
            10.5261554
          ],
          [
            107.1392288,
            10.526226
          ],
          [
            107.139385,
            10.5262567
          ],
          [
            107.1395349,
            10.526312
          ],
          [
            107.1397068,
            10.5264257
          ],
          [
            107.1397849,
            10.5265884
          ],
          [
            107.1399036,
            10.5268096
          ],
          [
            107.1401285,
            10.5270891
          ],
          [
            107.1402941,
            10.5272488
          ],
          [
            107.1405627,
            10.5273901
          ],
          [
            107.1407283,
            10.5274116
          ],
          [
            107.140947,
            10.5274239
          ],
          [
            107.141072,
            10.5274239
          ],
          [
            107.1412219,
            10.5273532
          ],
          [
            107.1412875,
            10.5272918
          ],
          [
            107.1413937,
            10.5272795
          ],
          [
            107.1415062,
            10.5272058
          ],
          [
            107.1416834,
            10.5273568
          ],
          [
            107.141854,
            10.5275464
          ],
          [
            107.1418911,
            10.5278761
          ],
          [
            107.1421903,
            10.5280394
          ],
          [
            107.1423296,
            10.5282928
          ],
          [
            107.1424036,
            10.5285414
          ],
          [
            107.1425051,
            10.528823
          ],
          [
            107.1426913,
            10.5288918
          ],
          [
            107.1430288,
            10.529217
          ],
          [
            107.1430883,
            10.5294235
          ],
          [
            107.143323,
            10.5297163
          ],
          [
            107.1434804,
            10.5300093
          ],
          [
            107.1434383,
            10.5300559
          ],
          [
            107.143561,
            10.5301334
          ],
          [
            107.1436968,
            10.5302866
          ],
          [
            107.144042,
            10.530646
          ],
          [
            107.1441326,
            10.5308462
          ],
          [
            107.1442011,
            10.5310769
          ],
          [
            107.1441428,
            10.531205
          ],
          [
            107.1445818,
            10.5315442
          ],
          [
            107.1449223,
            10.5316605
          ],
          [
            107.1449436,
            10.5316761
          ],
          [
            107.1449276,
            10.5317883
          ],
          [
            107.1449623,
            10.5319172
          ],
          [
            107.1449867,
            10.5320194
          ],
          [
            107.1449873,
            10.5322199
          ],
          [
            107.1449769,
            10.5322955
          ],
          [
            107.1448443,
            10.5324301
          ],
          [
            107.1446876,
            10.5326641
          ],
          [
            107.1445358,
            10.5328826
          ],
          [
            107.1443774,
            10.5331694
          ],
          [
            107.1443032,
            10.5334946
          ],
          [
            107.1441983,
            10.5338336
          ],
          [
            107.1442745,
            10.5339877
          ],
          [
            107.1442771,
            10.5342061
          ],
          [
            107.1442311,
            10.5344738
          ],
          [
            107.1440877,
            10.5345677
          ],
          [
            107.1438838,
            10.534712
          ],
          [
            107.1437031,
            10.5348832
          ],
          [
            107.1434147,
            10.5350231
          ],
          [
            107.1432659,
            10.535204
          ],
          [
            107.14318,
            10.5354064
          ],
          [
            107.1430581,
            10.5357379
          ],
          [
            107.1429758,
            10.5360168
          ],
          [
            107.1427591,
            10.5361663
          ],
          [
            107.1425985,
            10.5363726
          ],
          [
            107.1424174,
            10.5364953
          ],
          [
            107.1421413,
            10.5366458
          ],
          [
            107.1419822,
            10.5367384
          ],
          [
            107.1417931,
            10.5369381
          ],
          [
            107.1416677,
            10.5370959
          ],
          [
            107.1414934,
            10.5373242
          ],
          [
            107.1414647,
            10.5376338
          ],
          [
            107.1414986,
            10.5378755
          ],
          [
            107.1414118,
            10.5380031
          ],
          [
            107.141234,
            10.538075
          ],
          [
            107.1410653,
            10.5380422
          ],
          [
            107.1408497,
            10.5380765
          ],
          [
            107.1404292,
            10.5383328
          ],
          [
            107.1405332,
            10.5385198
          ],
          [
            107.1406491,
            10.5388391
          ],
          [
            107.1407779,
            10.5391134
          ],
          [
            107.1409173,
            10.5393032
          ],
          [
            107.1409731,
            10.5394849
          ],
          [
            107.1410107,
            10.5396853
          ],
          [
            107.1408497,
            10.5397275
          ],
          [
            107.1407156,
            10.5398119
          ],
          [
            107.1405762,
            10.5399174
          ],
          [
            107.1404152,
            10.5399754
          ],
          [
            107.1402704,
            10.5399912
          ],
          [
            107.1400719,
            10.5400123
          ],
          [
            107.1399646,
            10.5400439
          ],
          [
            107.1398681,
            10.5401231
          ],
          [
            107.1398037,
            10.5402338
          ],
          [
            107.139734,
            10.5403129
          ],
          [
            107.1396964,
            10.5403868
          ],
          [
            107.1396374,
            10.5404026
          ],
          [
            107.1395945,
            10.5403709
          ],
          [
            107.1395033,
            10.5402865
          ],
          [
            107.1394014,
            10.5402127
          ],
          [
            107.139337,
            10.5401969
          ],
          [
            107.1392833,
            10.5402074
          ],
          [
            107.1391224,
            10.5402391
          ],
          [
            107.1390366,
            10.5402338
          ],
          [
            107.1389293,
            10.5401652
          ],
          [
            107.1388596,
            10.5401125
          ],
          [
            107.1387737,
            10.5400967
          ],
          [
            107.1384787,
            10.5400703
          ],
          [
            107.1383017,
            10.5400703
          ],
          [
            107.1381032,
            10.5400123
          ],
          [
            107.13791,
            10.5399543
          ],
          [
            107.1376311,
            10.5398963
          ],
          [
            107.137497,
            10.5398699
          ],
          [
            107.1374112,
            10.5397961
          ],
          [
            107.1373307,
            10.5398119
          ],
          [
            107.1372288,
            10.5398383
          ],
          [
            107.1371698,
            10.5398277
          ],
          [
            107.1370839,
            10.5397961
          ],
          [
            107.1370035,
            10.5397328
          ],
          [
            107.1368694,
            10.5396642
          ],
          [
            107.1367835,
            10.5395904
          ],
          [
            107.1366065,
            10.5395324
          ],
          [
            107.1364563,
            10.5394374
          ],
          [
            107.1362739,
            10.5393583
          ],
          [
            107.1361344,
            10.5393425
          ],
          [
            107.135952,
            10.5393847
          ],
          [
            107.1358018,
            10.5395271
          ],
          [
            107.1356999,
            10.5396431
          ],
          [
            107.1356945,
            10.5398646
          ],
          [
            107.1356087,
            10.5399701
          ],
          [
            107.1354961,
            10.5400545
          ],
          [
            107.1352868,
            10.5403815
          ],
          [
            107.1351796,
            10.5404764
          ],
          [
            107.1350615,
            10.5405502
          ],
          [
            107.1349703,
            10.5406874
          ],
          [
            107.1348362,
            10.5410143
          ],
          [
            107.1346968,
            10.5414099
          ],
          [
            107.1346002,
            10.5415892
          ],
          [
            107.134509,
            10.5416578
          ],
          [
            107.1343373,
            10.5417158
          ],
          [
            107.1341657,
            10.5417527
          ],
          [
            107.1340799,
            10.5417474
          ],
          [
            107.1339779,
            10.5417052
          ],
          [
            107.1338438,
            10.541758
          ],
          [
            107.1335971,
            10.5418265
          ],
          [
            107.1335166,
            10.5419215
          ],
          [
            107.1334039,
            10.5420797
          ],
          [
            107.1333288,
            10.5421535
          ],
          [
            107.1332591,
            10.5421904
          ],
          [
            107.1330713,
            10.5422221
          ],
          [
            107.132948,
            10.5422801
          ],
          [
            107.1327817,
            10.5423803
          ],
          [
            107.1325081,
            10.5424066
          ],
          [
            107.1323632,
            10.5424383
          ],
          [
            107.1322452,
            10.5424383
          ],
          [
            107.1321379,
            10.5424225
          ],
          [
            107.1319395,
            10.5424436
          ],
          [
            107.1318086,
            10.5424939
          ],
          [
            107.1317517,
            10.542586
          ],
          [
            107.131639,
            10.5428075
          ],
          [
            107.1314459,
            10.5430923
          ],
          [
            107.1313225,
            10.5432663
          ],
          [
            107.131226,
            10.543319
          ],
          [
            107.1311133,
            10.5433348
          ],
          [
            107.1309846,
            10.5433138
          ],
          [
            107.1308558,
            10.5433348
          ],
          [
            107.1307915,
            10.5433718
          ],
          [
            107.1307217,
            10.5434456
          ],
          [
            107.1306413,
            10.543588
          ],
          [
            107.1306037,
            10.5436882
          ],
          [
            107.1305125,
            10.5437251
          ],
          [
            107.1304267,
            10.5437251
          ],
          [
            107.130373,
            10.5436882
          ],
          [
            107.1303033,
            10.5437093
          ],
          [
            107.1302014,
            10.5437515
          ],
          [
            107.1301048,
            10.5437568
          ],
          [
            107.1300565,
            10.5437093
          ],
          [
            107.1300351,
            10.5436144
          ],
          [
            107.1300404,
            10.5435247
          ],
          [
            107.1300941,
            10.5433454
          ],
          [
            107.1301746,
            10.5432452
          ],
          [
            107.1301746,
            10.5431555
          ],
          [
            107.1301477,
            10.542971
          ],
          [
            107.1301155,
            10.5429182
          ],
          [
            107.1300404,
            10.5429235
          ],
          [
            107.1299653,
            10.5429182
          ],
          [
            107.1298956,
            10.5428918
          ],
          [
            107.129901,
            10.5428127
          ],
          [
            107.1299171,
            10.5426862
          ],
          [
            107.1298795,
            10.5425965
          ],
          [
            107.1298044,
            10.5424488
          ],
          [
            107.1298312,
            10.5423697
          ],
          [
            107.1298366,
            10.5422906
          ],
          [
            107.129783,
            10.5422484
          ],
          [
            107.1296381,
            10.5422168
          ],
          [
            107.1295201,
            10.5421693
          ],
          [
            107.1294074,
            10.5420797
          ],
          [
            107.1293914,
            10.5420164
          ],
          [
            107.1293109,
            10.5419847
          ],
          [
            107.1292465,
            10.5419742
          ],
          [
            107.1292143,
            10.541932
          ],
          [
            107.1292036,
            10.541874
          ],
          [
            107.1291285,
            10.5418107
          ],
          [
            107.1290215,
            10.5417263
          ],
          [
            107.1289678,
            10.5416525
          ],
          [
            107.1288498,
            10.5415628
          ],
          [
            107.1287479,
            10.5414837
          ],
          [
            107.1286996,
            10.5414152
          ],
          [
            107.1287103,
            10.5413308
          ],
          [
            107.1286782,
            10.5412517
          ],
          [
            107.1287103,
            10.5411831
          ],
          [
            107.1287693,
            10.5410565
          ],
          [
            107.1288284,
            10.5409669
          ],
          [
            107.1289142,
            10.5409141
          ],
          [
            107.1289678,
            10.5407876
          ],
          [
            107.1289678,
            10.5406452
          ],
          [
            107.1289303,
            10.540545
          ],
          [
            107.1288337,
            10.5404606
          ],
          [
            107.1287479,
            10.5403973
          ],
          [
            107.1286084,
            10.5403235
          ],
          [
            107.1285494,
            10.5402338
          ],
          [
            107.1285279,
            10.5401389
          ],
          [
            107.1285226,
            10.5399279
          ],
          [
            107.1284904,
            10.5396537
          ],
          [
            107.1284797,
            10.5394216
          ],
          [
            107.1284502,
            10.5392382
          ],
          [
            107.1284631,
            10.5390792
          ],
          [
            107.1283979,
            10.5387952
          ],
          [
            107.1283348,
            10.5385827
          ],
          [
            107.1283187,
            10.5384049
          ],
          [
            107.1283134,
            10.5381559
          ],
          [
            107.1283424,
            10.5379208
          ],
          [
            107.1283424,
            10.537706
          ],
          [
            107.128322,
            10.5375307
          ],
          [
            107.1282739,
            10.5375224
          ],
          [
            107.128227,
            10.5374272
          ],
          [
            107.1282458,
            10.5372797
          ],
          [
            107.128252,
            10.5371446
          ],
          [
            107.1282395,
            10.5370494
          ],
          [
            107.1281896,
            10.5370033
          ],
          [
            107.1280771,
            10.536991
          ],
          [
            107.1279535,
            10.5369818
          ],
          [
            107.1278747,
            10.5369823
          ],
          [
            107.1277552,
            10.5369697
          ],
          [
            107.1276078,
            10.5369315
          ],
          [
            107.1274711,
            10.5369088
          ],
          [
            107.1273519,
            10.5368533
          ],
          [
            107.1272641,
            10.5368641
          ],
          [
            107.1271472,
            10.5369211
          ],
          [
            107.1270543,
            10.5369206
          ],
          [
            107.1269457,
            10.536918
          ],
          [
            107.1268223,
            10.5369202
          ],
          [
            107.1267744,
            10.5369357
          ],
          [
            107.1267431,
            10.5370064
          ],
          [
            107.1267212,
            10.5371507
          ],
          [
            107.1267212,
            10.5372582
          ],
          [
            107.1266775,
            10.5374026
          ],
          [
            107.1265744,
            10.5375101
          ],
          [
            107.126516,
            10.53764
          ],
          [
            107.1264469,
            10.5377545
          ],
          [
            107.1264088,
            10.5378633
          ],
          [
            107.1263963,
            10.5380322
          ],
          [
            107.126451,
            10.5382306
          ],
          [
            107.1264808,
            10.5383592
          ],
          [
            107.1264635,
            10.5384108
          ],
          [
            107.1264225,
            10.5384191
          ],
          [
            107.1263765,
            10.538411
          ],
          [
            107.1263041,
            10.5383648
          ],
          [
            107.1262202,
            10.5382806
          ],
          [
            107.1261385,
            10.5381743
          ],
          [
            107.1260706,
            10.5381174
          ],
          [
            107.1259892,
            10.5380782
          ],
          [
            107.1259435,
            10.5381034
          ],
          [
            107.1258966,
            10.5381652
          ],
          [
            107.1258608,
            10.5381653
          ],
          [
            107.1258184,
            10.5380844
          ],
          [
            107.1257684,
            10.5380322
          ],
          [
            107.1256966,
            10.5380169
          ],
          [
            107.1256216,
            10.5380261
          ],
          [
            107.1255622,
            10.538066
          ],
          [
            107.1254855,
            10.5381222
          ],
          [
            107.1253919,
            10.5382235
          ],
          [
            107.1252942,
            10.5382793
          ],
          [
            107.1251888,
            10.538335
          ],
          [
            107.1250359,
            10.5384234
          ],
          [
            107.1249713,
            10.5384176
          ],
          [
            107.1248902,
            10.5383653
          ],
          [
            107.1248044,
            10.5382941
          ],
          [
            107.124712,
            10.5382823
          ],
          [
            107.1245887,
            10.5382686
          ],
          [
            107.1245103,
            10.5382306
          ],
          [
            107.1244163,
            10.5381581
          ],
          [
            107.1242999,
            10.538112
          ],
          [
            107.1242752,
            10.5380741
          ],
          [
            107.1242639,
            10.5379922
          ],
          [
            107.1242128,
            10.5379128
          ],
          [
            107.1240864,
            10.5378251
          ],
          [
            107.1239642,
            10.53779
          ],
          [
            107.1238096,
            10.5377988
          ],
          [
            107.1236597,
            10.5377619
          ],
          [
            107.1235784,
            10.5377159
          ],
          [
            107.123466,
            10.5376391
          ],
          [
            107.1232862,
            10.5375654
          ],
          [
            107.1231848,
            10.5374799
          ],
          [
            107.1231005,
            10.5373584
          ],
          [
            107.1230697,
            10.5372722
          ],
          [
            107.1230389,
            10.5371949
          ],
          [
            107.1229676,
            10.5371625
          ],
          [
            107.1228573,
            10.5371424
          ],
          [
            107.1227488,
            10.5371745
          ],
          [
            107.1226684,
            10.5372057
          ],
          [
            107.1226329,
            10.5371884
          ],
          [
            107.1226066,
            10.5371407
          ],
          [
            107.1225912,
            10.5370503
          ],
          [
            107.1225631,
            10.5369357
          ],
          [
            107.1224725,
            10.536733
          ],
          [
            107.1223507,
            10.5364965
          ],
          [
            107.1222507,
            10.5363
          ],
          [
            107.122157,
            10.5361341
          ],
          [
            107.1220414,
            10.5360143
          ],
          [
            107.1219196,
            10.5358823
          ],
          [
            107.1218009,
            10.5357225
          ],
          [
            107.1216134,
            10.5355413
          ],
          [
            107.1215884,
            10.5354461
          ],
          [
            107.1215759,
            10.5352926
          ],
          [
            107.1215541,
            10.5351605
          ],
          [
            107.1214916,
            10.5350069
          ],
          [
            107.1214385,
            10.5348656
          ],
          [
            107.1213978,
            10.5347489
          ],
          [
            107.1213354,
            10.5346506
          ],
          [
            107.1212416,
            10.5345585
          ],
          [
            107.1212042,
            10.5344786
          ],
          [
            107.1211979,
            10.5343896
          ],
          [
            107.1212167,
            10.5343036
          ],
          [
            107.1211729,
            10.5342176
          ],
          [
            107.1210667,
            10.5340701
          ],
          [
            107.121023,
            10.5339258
          ],
          [
            107.1209699,
            10.5337999
          ],
          [
            107.1209324,
            10.5336494
          ],
          [
            107.1209261,
            10.533505
          ],
          [
            107.1208949,
            10.5333391
          ],
          [
            107.1208324,
            10.5330535
          ],
          [
            107.1207231,
            10.5328723
          ],
          [
            107.1206231,
            10.5326972
          ],
          [
            107.1205887,
            10.5326081
          ],
          [
            107.1204977,
            10.5324837
          ],
          [
            107.1203731,
            10.5323795
          ],
          [
            107.1201793,
            10.5323196
          ],
          [
            107.1199604,
            10.5322031
          ],
          [
            107.1197307,
            10.5321749
          ],
          [
            107.1195118,
            10.5321608
          ],
          [
            107.1192893,
            10.532189
          ],
          [
            107.1190776,
            10.5322243
          ],
          [
            107.1188443,
            10.5322525
          ],
          [
            107.1186649,
            10.5322702
          ],
          [
            107.1185142,
            10.5322525
          ],
          [
            107.118385,
            10.532189
          ],
          [
            107.1182558,
            10.5320867
          ],
          [
            107.1181051,
            10.5318926
          ],
          [
            107.1178934,
            10.5317162
          ],
          [
            107.1177283,
            10.5316774
          ],
          [
            107.1175022,
            10.531688
          ],
          [
            107.1173925,
            10.5317002
          ],
          [
            107.1173048,
            10.531687
          ],
          [
            107.1172823,
            10.5313489
          ],
          [
            107.1173019,
            10.5306843
          ],
          [
            107.1170082,
            10.5303972
          ],
          [
            107.116966,
            10.5303772
          ],
          [
            107.1169131,
            10.5303804
          ],
          [
            107.1166553,
            10.5304568
          ],
          [
            107.1165939,
            10.5304959
          ],
          [
            107.1165581,
            10.5305733
          ],
          [
            107.116504,
            10.5309285
          ],
          [
            107.1164812,
            10.5310048
          ],
          [
            107.1163003,
            10.5313338
          ],
          [
            107.1162335,
            10.5312527
          ],
          [
            107.1161961,
            10.5311992
          ],
          [
            107.1161451,
            10.5310755
          ],
          [
            107.1161213,
            10.5309417
          ],
          [
            107.1160805,
            10.5308147
          ],
          [
            107.1159852,
            10.530691
          ],
          [
            107.1159274,
            10.5306408
          ],
          [
            107.1158696,
            10.5306241
          ],
          [
            107.1158016,
            10.5306408
          ],
          [
            107.115686,
            10.530701
          ],
          [
            107.1155431,
            10.5307612
          ],
          [
            107.1154445,
            10.5307779
          ],
          [
            107.1153901,
            10.5307378
          ],
          [
            107.1153561,
            10.5306174
          ],
          [
            107.1152269,
            10.5302831
          ],
          [
            107.1150364,
            10.5299454
          ],
          [
            107.1149548,
            10.5298117
          ],
          [
            107.11488,
            10.5297214
          ],
          [
            107.1147984,
            10.5296679
          ],
          [
            107.1147202,
            10.5296679
          ],
          [
            107.1146079,
            10.5297013
          ],
          [
            107.1144515,
            10.5298117
          ],
          [
            107.1143393,
            10.5299086
          ],
          [
            107.1142577,
            10.5299354
          ],
          [
            107.1141829,
            10.5299186
          ],
          [
            107.1141148,
            10.5298585
          ],
          [
            107.1140366,
            10.5297582
          ],
          [
            107.113921,
            10.5296077
          ],
          [
            107.1137918,
            10.5294439
          ],
          [
            107.1136353,
            10.5292734
          ],
          [
            107.1134857,
            10.5290962
          ],
          [
            107.1133225,
            10.5290427
          ],
          [
            107.1131524,
            10.5290493
          ],
          [
            107.1129824,
            10.5290761
          ],
          [
            107.1128668,
            10.5290861
          ],
          [
            107.1127681,
            10.5289925
          ],
          [
            107.1126797,
            10.5289189
          ],
          [
            107.1124834,
            10.5289777
          ],
          [
            107.1123755,
            10.5282142
          ],
          [
            107.1123506,
            10.5275689
          ],
          [
            107.11236,
            10.5274849
          ],
          [
            107.1124078,
            10.527341
          ],
          [
            107.1126263,
            10.5268692
          ],
          [
            107.1133095,
            10.52516
          ],
          [
            107.1133299,
            10.5250834
          ],
          [
            107.1133714,
            10.5247177
          ],
          [
            107.1133661,
            10.5246515
          ],
          [
            107.1132325,
            10.5239923
          ],
          [
            107.1131896,
            10.523489
          ],
          [
            107.1131969,
            10.5234178
          ],
          [
            107.1134131,
            10.522623
          ],
          [
            107.1134486,
            10.5225546
          ],
          [
            107.1135169,
            10.5224947
          ],
          [
            107.1141909,
            10.5219719
          ],
          [
            107.1149169,
            10.5214735
          ],
          [
            107.1156947,
            10.5210848
          ],
          [
            107.1154648,
            10.520809
          ],
          [
            107.1153835,
            10.5205547
          ],
          [
            107.1154603,
            10.5202958
          ],
          [
            107.1156464,
            10.520087
          ],
          [
            107.1157807,
            10.5200799
          ],
          [
            107.1160381,
            10.5199822
          ],
          [
            107.1161887,
            10.5199028
          ],
          [
            107.1165957,
            10.5198252
          ],
          [
            107.1168628,
            10.5197419
          ],
          [
            107.1170757,
            10.5196834
          ],
          [
            107.1172752,
            10.5195575
          ],
          [
            107.1174261,
            10.5194543
          ]
        ]
      },
      "id": "relation/19283687"
    },
    {
      "type": "Feature",
      "properties": {
        "@id": "relation/19288810",
        "name": "Nui Dinh Yellow Route",
        "route": "hiking",
        "type": "route"
      },
      "geometry": {
        "type": "LineString",
        "coordinates": [
          [
            107.129488,
            10.5099559
          ],
          [
            107.1294535,
            10.5099933
          ],
          [
            107.1293592,
            10.5100958
          ],
          [
            107.1291929,
            10.5102555
          ],
          [
            107.1290697,
            10.5103583
          ],
          [
            107.1289544,
            10.5104348
          ],
          [
            107.1287721,
            10.5105245
          ],
          [
            107.128662,
            10.5105956
          ],
          [
            107.1285653,
            10.5106641
          ],
          [
            107.128434,
            10.5107829
          ],
          [
            107.1283601,
            10.5108553
          ],
          [
            107.1282944,
            10.510908
          ],
          [
            107.1282448,
            10.5109331
          ],
          [
            107.1281885,
            10.5109423
          ],
          [
            107.128119,
            10.5109451
          ],
          [
            107.1280559,
            10.5109306
          ],
          [
            107.127899,
            10.5108476
          ],
          [
            107.1277955,
            10.5108091
          ],
          [
            107.1277043,
            10.5107815
          ],
          [
            107.1276093,
            10.5107565
          ],
          [
            107.1273961,
            10.5107196
          ],
          [
            107.1271748,
            10.5106668
          ],
          [
            107.1270675,
            10.5106444
          ],
          [
            107.126991,
            10.5106418
          ],
          [
            107.1269267,
            10.5106577
          ],
          [
            107.126873,
            10.510688
          ],
          [
            107.1268234,
            10.5107328
          ],
          [
            107.1267925,
            10.5107763
          ],
          [
            107.1267709,
            10.5108408
          ],
          [
            107.1267642,
            10.5108922
          ],
          [
            107.1267629,
            10.5109384
          ],
          [
            107.1267696,
            10.5109858
          ],
          [
            107.1267928,
            10.5110403
          ],
          [
            107.1268277,
            10.5110944
          ],
          [
            107.126897,
            10.5111678
          ],
          [
            107.1272126,
            10.5114346
          ],
          [
            107.1272819,
            10.5115054
          ],
          [
            107.1273414,
            10.5115731
          ],
          [
            107.1273892,
            10.5116478
          ],
          [
            107.1274336,
            10.5117376
          ],
          [
            107.1274763,
            10.5118403
          ],
          [
            107.1275152,
            10.5119247
          ],
          [
            107.1275653,
            10.5120095
          ],
          [
            107.1276212,
            10.5120842
          ],
          [
            107.1276819,
            10.5121466
          ],
          [
            107.1277853,
            10.5122244
          ],
          [
            107.1279001,
            10.5122926
          ],
          [
            107.1280195,
            10.5123532
          ],
          [
            107.1281605,
            10.5124061
          ],
          [
            107.1286543,
            10.5125659
          ],
          [
            107.1289328,
            10.5126671
          ],
          [
            107.1291848,
            10.5127516
          ],
          [
            107.1292989,
            10.512795
          ],
          [
            107.1293859,
            10.5128336
          ],
          [
            107.1294453,
            10.5128618
          ],
          [
            107.1295063,
            10.5128997
          ],
          [
            107.1295431,
            10.5129282
          ],
          [
            107.1295883,
            10.5129701
          ],
          [
            107.1296575,
            10.5130568
          ],
          [
            107.1297013,
            10.5131372
          ],
          [
            107.129735,
            10.5132353
          ],
          [
            107.1297647,
            10.5133386
          ],
          [
            107.129834,
            10.5136309
          ],
          [
            107.130003,
            10.5142731
          ],
          [
            107.1301523,
            10.5149025
          ],
          [
            107.1301894,
            10.5150366
          ],
          [
            107.1302243,
            10.51515
          ],
          [
            107.130267,
            10.5152621
          ],
          [
            107.1303575,
            10.5154458
          ],
          [
            107.1304026,
            10.5155548
          ],
          [
            107.1304406,
            10.515658
          ],
          [
            107.1304831,
            10.5157934
          ],
          [
            107.1305265,
            10.5159481
          ],
          [
            107.1306332,
            10.5162828
          ],
          [
            107.1307636,
            10.5167526
          ],
          [
            107.1307866,
            10.5168215
          ],
          [
            107.1307981,
            10.5168801
          ],
          [
            107.1308023,
            10.5169273
          ],
          [
            107.1307989,
            10.517013
          ],
          [
            107.1307727,
            10.5171926
          ],
          [
            107.1307116,
            10.5175239
          ],
          [
            107.1307083,
            10.5176013
          ],
          [
            107.1307164,
            10.5176526
          ],
          [
            107.1307379,
            10.5176922
          ],
          [
            107.1307607,
            10.5177225
          ],
          [
            107.1307929,
            10.5177462
          ],
          [
            107.1308345,
            10.5177594
          ],
          [
            107.130939,
            10.5177754
          ],
          [
            107.1311992,
            10.5177846
          ],
          [
            107.1313065,
            10.517782
          ],
          [
            107.1313896,
            10.5177662
          ],
          [
            107.1314701,
            10.5177304
          ],
          [
            107.1315546,
            10.517675
          ],
          [
            107.1316579,
            10.5175946
          ],
          [
            107.1317209,
            10.5175353
          ],
          [
            107.1317585,
            10.5174852
          ],
          [
            107.1317724,
            10.5174513
          ],
          [
            107.1317946,
            10.5173706
          ],
          [
            107.1318134,
            10.5172533
          ],
          [
            107.131843,
            10.5171265
          ],
          [
            107.1318912,
            10.5169645
          ],
          [
            107.1320065,
            10.5166507
          ],
          [
            107.1320361,
            10.5165516
          ],
          [
            107.1320455,
            10.5164764
          ],
          [
            107.1320373,
            10.5162947
          ],
          [
            107.132028,
            10.516205
          ],
          [
            107.1320266,
            10.5161127
          ],
          [
            107.1320333,
            10.5160507
          ],
          [
            107.1320534,
            10.5160006
          ],
          [
            107.1320795,
            10.5159732
          ],
          [
            107.1321166,
            10.515953
          ],
          [
            107.1321635,
            10.515949
          ],
          [
            107.1322131,
            10.5159569
          ],
          [
            107.132248,
            10.5159701
          ],
          [
            107.1322761,
            10.5160018
          ],
          [
            107.1322989,
            10.5160413
          ],
          [
            107.1323083,
            10.5160941
          ],
          [
            107.132311,
            10.5161549
          ],
          [
            107.1322988,
            10.5162287
          ],
          [
            107.1322399,
            10.5164845
          ],
          [
            107.1321433,
            10.5168432
          ],
          [
            107.1320334,
            10.5171253
          ],
          [
            107.1320146,
            10.5172069
          ],
          [
            107.1320146,
            10.5172966
          ],
          [
            107.132028,
            10.5174154
          ],
          [
            107.1320333,
            10.5175473
          ],
          [
            107.1320318,
            10.5177658
          ],
          [
            107.1320062,
            10.5178684
          ],
          [
            107.1319672,
            10.5179469
          ],
          [
            107.1319208,
            10.518009
          ],
          [
            107.1318322,
            10.5180985
          ],
          [
            107.1316363,
            10.5182567
          ],
          [
            107.1313924,
            10.5184398
          ],
          [
            107.131206,
            10.5185877
          ],
          [
            107.1311631,
            10.5186373
          ],
          [
            107.1311336,
            10.5187002
          ],
          [
            107.1311235,
            10.5187893
          ],
          [
            107.1311133,
            10.5189793
          ],
          [
            107.1311354,
            10.5192142
          ],
          [
            107.1311831,
            10.5195856
          ],
          [
            107.1312019,
            10.519761
          ],
          [
            107.1312073,
            10.5198335
          ],
          [
            107.1312033,
            10.5198915
          ],
          [
            107.1311952,
            10.5199311
          ],
          [
            107.131175,
            10.5199905
          ],
          [
            107.1311402,
            10.5200525
          ],
          [
            107.1310744,
            10.5201291
          ],
          [
            107.1309832,
            10.5202095
          ],
          [
            107.130927,
            10.5202423
          ],
          [
            107.1308787,
            10.5202594
          ],
          [
            107.1308224,
            10.52027
          ],
          [
            107.1307647,
            10.52027
          ],
          [
            107.1306935,
            10.5202569
          ],
          [
            107.1306345,
            10.5202371
          ],
          [
            107.1305769,
            10.5202081
          ],
          [
            107.1304353,
            10.5201214
          ],
          [
            107.1298326,
            10.5198139
          ],
          [
            107.1297346,
            10.5197664
          ],
          [
            107.1296287,
            10.5197295
          ],
          [
            107.129445,
            10.5196755
          ],
          [
            107.1293646,
            10.5196397
          ],
          [
            107.1291929,
            10.5195329
          ],
          [
            107.1288404,
            10.5192917
          ],
          [
            107.1287812,
            10.5192375
          ],
          [
            107.1287249,
            10.5191716
          ],
          [
            107.1286768,
            10.5191006
          ],
          [
            107.1286513,
            10.5190478
          ],
          [
            107.1286084,
            10.5189001
          ],
          [
            107.1285843,
            10.518738
          ],
          [
            107.1285722,
            10.5186799
          ],
          [
            107.12854,
            10.5186272
          ],
          [
            107.1284542,
            10.5185467
          ],
          [
            107.128281,
            10.5184253
          ],
          [
            107.128163,
            10.5183541
          ],
          [
            107.1281053,
            10.5183277
          ],
          [
            107.1280235,
            10.5183027
          ],
          [
            107.1279524,
            10.5183014
          ],
          [
            107.1278695,
            10.5183121
          ],
          [
            107.1278024,
            10.5183253
          ],
          [
            107.1277367,
            10.5183595
          ],
          [
            107.1276858,
            10.5183899
          ],
          [
            107.1276388,
            10.5184387
          ],
          [
            107.1275932,
            10.5185072
          ],
          [
            107.127561,
            10.5186008
          ],
          [
            107.1275423,
            10.5187182
          ],
          [
            107.1275461,
            10.5189514
          ],
          [
            107.1275528,
            10.5190094
          ],
          [
            107.1276351,
            10.5192221
          ],
          [
            107.1276802,
            10.5193588
          ],
          [
            107.1276991,
            10.5194909
          ],
          [
            107.1276976,
            10.5195593
          ],
          [
            107.1276869,
            10.519641
          ],
          [
            107.1276453,
            10.5198348
          ],
          [
            107.1276185,
            10.5199087
          ],
          [
            107.1275854,
            10.5199473
          ],
          [
            107.1275447,
            10.5199746
          ],
          [
            107.1275058,
            10.5199825
          ],
          [
            107.127447,
            10.5199879
          ],
          [
            107.1272899,
            10.5199944
          ],
          [
            107.1272179,
            10.5200124
          ],
          [
            107.1271713,
            10.5200393
          ],
          [
            107.1271298,
            10.5200756
          ],
          [
            107.1270942,
            10.5201228
          ],
          [
            107.127068,
            10.5201814
          ],
          [
            107.1270367,
            10.5203413
          ],
          [
            107.1270285,
            10.5204376
          ],
          [
            107.1270338,
            10.5205231
          ],
          [
            107.1270499,
            10.5205996
          ],
          [
            107.1270742,
            10.5206561
          ],
          [
            107.1271265,
            10.5207277
          ],
          [
            107.1271867,
            10.5207987
          ],
          [
            107.1272501,
            10.5208558
          ],
          [
            107.1273167,
            10.5208976
          ],
          [
            107.1273856,
            10.5209297
          ],
          [
            107.1274497,
            10.5209426
          ],
          [
            107.12753,
            10.5209424
          ],
          [
            107.1276455,
            10.5209202
          ],
          [
            107.1278172,
            10.520878
          ],
          [
            107.1279847,
            10.5208461
          ],
          [
            107.1280517,
            10.5208451
          ],
          [
            107.1281184,
            10.5208537
          ],
          [
            107.1282063,
            10.5208808
          ],
          [
            107.1282703,
            10.5209358
          ],
          [
            107.1285416,
            10.5212501
          ],
          [
            107.1288874,
            10.5215003
          ],
          [
            107.1294053,
            10.521883
          ],
          [
            107.1295394,
            10.5220043
          ],
          [
            107.1296488,
            10.5221332
          ],
          [
            107.1297079,
            10.5222651
          ],
          [
            107.1297379,
            10.5225423
          ],
          [
            107.129754,
            10.5229062
          ],
          [
            107.1297293,
            10.5232145
          ],
          [
            107.1296435,
            10.5236786
          ],
          [
            107.129681,
            10.5238474
          ],
          [
            107.1298345,
            10.5241087
          ],
          [
            107.1300834,
            10.5245066
          ],
          [
            107.130387,
            10.5249737
          ],
          [
            107.1305447,
            10.5251501
          ],
          [
            107.130682,
            10.5253719
          ],
          [
            107.1308183,
            10.5256353
          ],
          [
            107.1309768,
            10.5259741
          ],
          [
            107.1311326,
            10.5262764
          ],
          [
            107.1311729,
            10.5263661
          ],
          [
            107.1311979,
            10.5264355
          ],
          [
            107.1312198,
            10.5265164
          ],
          [
            107.1312261,
            10.526661
          ],
          [
            107.1312194,
            10.5267216
          ],
          [
            107.13121,
            10.5267704
          ],
          [
            107.1311608,
            10.5269093
          ],
          [
            107.1310705,
            10.527091
          ],
          [
            107.1310194,
            10.5272123
          ],
          [
            107.1310061,
            10.5273204
          ],
          [
            107.13102,
            10.5274024
          ],
          [
            107.1310705,
            10.5274679
          ],
          [
            107.1311594,
            10.5275105
          ],
          [
            107.131269,
            10.5275101
          ],
          [
            107.1314298,
            10.5274812
          ],
          [
            107.1315908,
            10.5274074
          ],
          [
            107.1317356,
            10.5272703
          ],
          [
            107.1318161,
            10.527091
          ],
          [
            107.1318912,
            10.5268114
          ],
          [
            107.1318912,
            10.5266743
          ],
          [
            107.1317678,
            10.5264581
          ],
          [
            107.1316927,
            10.5262471
          ],
          [
            107.1316498,
            10.5260678
          ],
          [
            107.1316551,
            10.5258779
          ],
          [
            107.1317249,
            10.5257197
          ],
          [
            107.1318643,
            10.525572
          ],
          [
            107.1320306,
            10.5254982
          ],
          [
            107.1322291,
            10.5254507
          ],
          [
            107.132404,
            10.52548
          ],
          [
            107.1325939,
            10.5255826
          ],
          [
            107.1327581,
            10.5257542
          ],
          [
            107.132889,
            10.5259465
          ],
          [
            107.1330499,
            10.5260836
          ],
          [
            107.1332087,
            10.5261709
          ],
          [
            107.1334415,
            10.5262735
          ],
          [
            107.1336593,
            10.5263766
          ],
          [
            107.1338149,
            10.526461
          ],
          [
            107.1339382,
            10.5265612
          ],
          [
            107.1340348,
            10.5266772
          ],
          [
            107.1341313,
            10.5268188
          ],
          [
            107.1341442,
            10.5268378
          ],
          [
            107.1342333,
            10.5270358
          ],
          [
            107.1344427,
            10.5274477
          ],
          [
            107.1346785,
            10.5279114
          ],
          [
            107.1352332,
            10.5290371
          ],
          [
            107.1359574,
            10.5304717
          ],
          [
            107.13616,
            10.5308592
          ],
          [
            107.1363522,
            10.5312446
          ],
          [
            107.1364885,
            10.5315792
          ],
          [
            107.136695,
            10.532071
          ],
          [
            107.1367568,
            10.532237
          ],
          [
            107.1368022,
            10.5323849
          ],
          [
            107.1368618,
            10.5327002
          ],
          [
            107.1370303,
            10.5327184
          ],
          [
            107.1371268,
            10.5327184
          ],
          [
            107.1372288,
            10.5326551
          ],
          [
            107.13732,
            10.5326129
          ],
          [
            107.1374487,
            10.5325918
          ],
          [
            107.1375753,
            10.5326422
          ],
          [
            107.1377169,
            10.5327448
          ],
          [
            107.13791,
            10.5329083
          ],
          [
            107.1380227,
            10.5330296
          ],
          [
            107.1381225,
            10.5331801
          ],
          [
            107.1382029,
            10.5333595
          ],
          [
            107.1382695,
            10.5336203
          ],
          [
            107.1382641,
            10.533847
          ],
          [
            107.1383585,
            10.5339976
          ],
          [
            107.1383875,
            10.5341477
          ],
          [
            107.1384068,
            10.5342982
          ],
          [
            107.1385034,
            10.5344195
          ],
          [
            107.1386342,
            10.5345854
          ],
          [
            107.1387254,
            10.53477
          ],
          [
            107.1388574,
            10.535063
          ],
          [
            107.1389883,
            10.5353976
          ],
          [
            107.1391632,
            10.5357222
          ],
          [
            107.1392919,
            10.5359701
          ],
          [
            107.1394979,
            10.5361834
          ],
          [
            107.1396213,
            10.5363258
          ],
          [
            107.1397318,
            10.5365819
          ],
          [
            107.1398251,
            10.5367003
          ],
          [
            107.1400129,
            10.5368743
          ],
          [
            107.1401127,
            10.5370249
          ],
          [
            107.1401738,
            10.5372013
          ],
          [
            107.1402221,
            10.5374755
          ],
          [
            107.1402007,
            10.5377973
          ],
          [
            107.1402468,
            10.5379636
          ],
          [
            107.140324,
            10.5381875
          ],
          [
            107.1404292,
            10.5383328
          ],
          [
            107.1408497,
            10.5380765
          ],
          [
            107.1410653,
            10.5380422
          ],
          [
            107.141234,
            10.538075
          ],
          [
            107.1414118,
            10.5380031
          ],
          [
            107.1414986,
            10.5378755
          ],
          [
            107.1414647,
            10.5376338
          ],
          [
            107.1414934,
            10.5373242
          ],
          [
            107.1416677,
            10.5370959
          ],
          [
            107.1417931,
            10.5369381
          ],
          [
            107.1419822,
            10.5367384
          ],
          [
            107.1421413,
            10.5366458
          ],
          [
            107.1424174,
            10.5364953
          ],
          [
            107.1425985,
            10.5363726
          ],
          [
            107.1427591,
            10.5361663
          ],
          [
            107.1429758,
            10.5360168
          ],
          [
            107.1430581,
            10.5357379
          ],
          [
            107.14318,
            10.5354064
          ],
          [
            107.1432659,
            10.535204
          ],
          [
            107.1434147,
            10.5350231
          ],
          [
            107.1437031,
            10.5348832
          ],
          [
            107.1438838,
            10.534712
          ],
          [
            107.1440877,
            10.5345677
          ],
          [
            107.1442311,
            10.5344738
          ],
          [
            107.1442771,
            10.5342061
          ],
          [
            107.1442745,
            10.5339877
          ],
          [
            107.1441983,
            10.5338336
          ],
          [
            107.1443032,
            10.5334946
          ],
          [
            107.1443774,
            10.5331694
          ],
          [
            107.1445358,
            10.5328826
          ],
          [
            107.1446876,
            10.5326641
          ],
          [
            107.1448443,
            10.5324301
          ],
          [
            107.1449769,
            10.5322955
          ],
          [
            107.1449873,
            10.5322199
          ],
          [
            107.1449867,
            10.5320194
          ],
          [
            107.1449623,
            10.5319172
          ],
          [
            107.1449276,
            10.5317883
          ],
          [
            107.1449436,
            10.5316761
          ],
          [
            107.1449223,
            10.5316605
          ],
          [
            107.1445818,
            10.5315442
          ],
          [
            107.1441428,
            10.531205
          ],
          [
            107.1442011,
            10.5310769
          ],
          [
            107.1441326,
            10.5308462
          ],
          [
            107.144042,
            10.530646
          ],
          [
            107.1436968,
            10.5302866
          ],
          [
            107.143561,
            10.5301334
          ],
          [
            107.1434383,
            10.5300559
          ],
          [
            107.1434804,
            10.5300093
          ],
          [
            107.143323,
            10.5297163
          ],
          [
            107.1430883,
            10.5294235
          ],
          [
            107.1430288,
            10.529217
          ],
          [
            107.1426913,
            10.5288918
          ],
          [
            107.1425051,
            10.528823
          ],
          [
            107.1424036,
            10.5285414
          ],
          [
            107.1423296,
            10.5282928
          ],
          [
            107.1421903,
            10.5280394
          ],
          [
            107.1418911,
            10.5278761
          ],
          [
            107.141854,
            10.5275464
          ],
          [
            107.1416834,
            10.5273568
          ],
          [
            107.1415062,
            10.5272058
          ],
          [
            107.1415531,
            10.5270645
          ],
          [
            107.1415218,
            10.5268219
          ],
          [
            107.1413906,
            10.5266099
          ],
          [
            107.1412594,
            10.5264809
          ],
          [
            107.1411907,
            10.5264226
          ],
          [
            107.1411063,
            10.5263243
          ],
          [
            107.1410157,
            10.5260694
          ],
          [
            107.1408939,
            10.5258359
          ],
          [
            107.1407939,
            10.5256025
          ],
          [
            107.1406471,
            10.5252984
          ],
          [
            107.1404597,
            10.525108
          ],
          [
            107.1403816,
            10.5250343
          ],
          [
            107.1403066,
            10.5249636
          ],
          [
            107.1401941,
            10.5248316
          ],
          [
            107.1401191,
            10.5246196
          ],
          [
            107.1400098,
            10.52438
          ],
          [
            107.139863,
            10.5241067
          ],
          [
            107.1397442,
            10.5237903
          ],
          [
            107.1394006,
            10.523477
          ],
          [
            107.1392975,
            10.5233664
          ],
          [
            107.1392242,
            10.5232715
          ],
          [
            107.13916,
            10.5231883
          ],
          [
            107.139032,
            10.5229917
          ],
          [
            107.1388726,
            10.5227921
          ],
          [
            107.1386883,
            10.5223191
          ],
          [
            107.1384665,
            10.5219904
          ],
          [
            107.1384384,
            10.5219013
          ],
          [
            107.1383915,
            10.5218307
          ],
          [
            107.1383353,
            10.5217447
          ],
          [
            107.1382384,
            10.521631
          ],
          [
            107.1381291,
            10.5214498
          ],
          [
            107.1380354,
            10.5212287
          ],
          [
            107.1378011,
            10.5208017
          ],
          [
            107.1376074,
            10.5205314
          ],
          [
            107.1375324,
            10.5202949
          ],
          [
            107.1374481,
            10.5200615
          ],
          [
            107.1373262,
            10.5197789
          ],
          [
            107.1371669,
            10.5194779
          ],
          [
            107.1370763,
            10.5192537
          ],
          [
            107.1370169,
            10.5190724
          ],
          [
            107.1369638,
            10.5189557
          ],
          [
            107.1369357,
            10.5188697
          ],
          [
            107.1368295,
            10.5187008
          ],
          [
            107.1367858,
            10.5184858
          ],
          [
            107.1367358,
            10.518366
          ],
          [
            107.1366233,
            10.5182032
          ],
          [
            107.1364421,
            10.5180957
          ],
          [
            107.1363484,
            10.517939
          ],
          [
            107.1361891,
            10.5174752
          ],
          [
            107.1360485,
            10.5172418
          ],
          [
            107.1359985,
            10.5170636
          ],
          [
            107.1359579,
            10.5167933
          ],
          [
            107.1359298,
            10.5166029
          ],
          [
            107.1359485,
            10.5164401
          ],
          [
            107.1359423,
            10.5163541
          ],
          [
            107.135936,
            10.5163019
          ],
          [
            107.1358767,
            10.5162773
          ],
          [
            107.1357673,
            10.5162957
          ],
          [
            107.1356705,
            10.5163326
          ],
          [
            107.1355549,
            10.5163817
          ],
          [
            107.1354362,
            10.5163879
          ],
          [
            107.1352362,
            10.5163142
          ],
          [
            107.1349863,
            10.516222
          ],
          [
            107.1349521,
            10.5162042
          ],
          [
            107.1347676,
            10.5161084
          ],
          [
            107.1346333,
            10.5159486
          ],
          [
            107.1345177,
            10.5158381
          ],
          [
            107.134349,
            10.5156292
          ],
          [
            107.1341366,
            10.515365
          ],
          [
            107.133921,
            10.5151439
          ],
          [
            107.1337648,
            10.5149227
          ],
          [
            107.1336398,
            10.5147415
          ],
          [
            107.1335586,
            10.5144098
          ],
          [
            107.1335055,
            10.5142531
          ],
          [
            107.1334618,
            10.5140719
          ],
          [
            107.1333524,
            10.5139767
          ],
          [
            107.1331025,
            10.5137924
          ],
          [
            107.1328463,
            10.5136327
          ],
          [
            107.1326932,
            10.5134637
          ],
          [
            107.1326526,
            10.5134023
          ],
          [
            107.1326276,
            10.5133409
          ],
          [
            107.1326245,
            10.5132579
          ],
          [
            107.1325901,
            10.5131934
          ],
          [
            107.1324839,
            10.5130982
          ],
          [
            107.1324183,
            10.513046
          ],
          [
            107.1323652,
            10.5130398
          ],
          [
            107.1323309,
            10.5130736
          ],
          [
            107.132284,
            10.5131719
          ],
          [
            107.132234,
            10.5132119
          ],
          [
            107.1321559,
            10.5132149
          ],
          [
            107.1320591,
            10.5131996
          ],
          [
            107.1319372,
            10.5131688
          ],
          [
            107.1318435,
            10.5131228
          ],
          [
            107.1317529,
            10.5131074
          ],
          [
            107.1316654,
            10.5131105
          ],
          [
            107.131528,
            10.5130859
          ],
          [
            107.1314342,
            10.5130245
          ],
          [
            107.1313843,
            10.5129446
          ],
          [
            107.1313561,
            10.5128064
          ],
          [
            107.1313655,
            10.5126528
          ],
          [
            107.1313312,
            10.5124716
          ],
          [
            107.1312624,
            10.5122842
          ],
          [
            107.131175,
            10.5121951
          ],
          [
            107.13105,
            10.5121245
          ],
          [
            107.1308719,
            10.5120631
          ],
          [
            107.1307188,
            10.5119924
          ],
          [
            107.1305814,
            10.5118911
          ],
          [
            107.1304502,
            10.5116822
          ],
          [
            107.1303158,
            10.5115071
          ],
          [
            107.1302565,
            10.5113627
          ],
          [
            107.1301815,
            10.5112061
          ],
          [
            107.1301378,
            10.5111508
          ],
          [
            107.1300597,
            10.5110464
          ],
          [
            107.1299753,
            10.5110064
          ],
          [
            107.1298722,
            10.5109388
          ],
          [
            107.1298254,
            10.5108221
          ],
          [
            107.1297629,
            10.5105948
          ],
          [
            107.129716,
            10.5103184
          ],
          [
            107.129716,
            10.5102139
          ],
          [
            107.129691,
            10.5101433
          ],
          [
            107.1296223,
            10.5100726
          ],
          [
            107.1294535,
            10.5099933
          ]
        ]
      },
      "id": "relation/19288810"
    },
    {
      "type": "Feature",
      "properties": {
        "@id": "relation/19288815",
        "name": "Nui Dinh Green Route",
        "route": "hiking",
        "type": "route"
      },
      "geometry": {
        "type": "LineString",
        "coordinates": [
          [
            107.1410107,
            10.5396853
          ],
          [
            107.1410214,
            10.539833
          ],
          [
            107.141016,
            10.5401178
          ],
          [
            107.1410858,
            10.5403815
          ],
          [
            107.1411802,
            10.5405479
          ],
          [
            107.1412161,
            10.5405819
          ],
          [
            107.1413358,
            10.5406955
          ],
          [
            107.1414538,
            10.5407957
          ],
          [
            107.1415525,
            10.5409036
          ],
          [
            107.1416523,
            10.5411016
          ],
          [
            107.1418046,
            10.541431
          ],
          [
            107.1418829,
            10.541629
          ],
          [
            107.1420546,
            10.5418769
          ],
          [
            107.1422284,
            10.5420691
          ],
          [
            107.1424784,
            10.5423463
          ],
          [
            107.1427895,
            10.5426785
          ],
          [
            107.1428593,
            10.5427945
          ],
          [
            107.1429472,
            10.5432294
          ],
          [
            107.1431135,
            10.5440732
          ],
          [
            107.1432026,
            10.5444453
          ],
          [
            107.1432558,
            10.5445931
          ],
          [
            107.1433174,
            10.5447641
          ],
          [
            107.1434118,
            10.5449779
          ],
          [
            107.1435703,
            10.5452449
          ],
          [
            107.1436999,
            10.545351
          ],
          [
            107.143929,
            10.5454608
          ],
          [
            107.1442218,
            10.5455561
          ],
          [
            107.1446172,
            10.5456635
          ],
          [
            107.1449664,
            10.5458212
          ],
          [
            107.1451842,
            10.5460028
          ],
          [
            107.1454202,
            10.5461985
          ],
          [
            107.1456402,
            10.546457
          ],
          [
            107.1458118,
            10.5462829
          ],
          [
            107.1460962,
            10.5459507
          ],
          [
            107.146271,
            10.5457479
          ],
          [
            107.146432,
            10.5456002
          ],
          [
            107.1466186,
            10.54548
          ],
          [
            107.1468017,
            10.5453962
          ],
          [
            107.1471386,
            10.5453264
          ],
          [
            107.1472098,
            10.5453118
          ],
          [
            107.1473376,
            10.5452504
          ],
          [
            107.1475126,
            10.5451355
          ],
          [
            107.1477954,
            10.5449615
          ],
          [
            107.148121,
            10.5448196
          ],
          [
            107.1484448,
            10.5446582
          ],
          [
            107.148671,
            10.5445924
          ],
          [
            107.1488795,
            10.5445239
          ],
          [
            107.1490296,
            10.5447816
          ],
          [
            107.1491828,
            10.5448942
          ],
          [
            107.1496268,
            10.545028
          ],
          [
            107.1501082,
            10.5451864
          ],
          [
            107.1504416,
            10.5453181
          ],
          [
            107.1508669,
            10.5454785
          ],
          [
            107.1515115,
            10.5457708
          ],
          [
            107.1517037,
            10.5456814
          ],
          [
            107.1520169,
            10.5455367
          ],
          [
            107.1523729,
            10.5452399
          ],
          [
            107.152392,
            10.5449633
          ],
          [
            107.1525266,
            10.5448255
          ],
          [
            107.1523111,
            10.5444624
          ],
          [
            107.1525477,
            10.5442588
          ],
          [
            107.1527275,
            10.5439907
          ],
          [
            107.1529084,
            10.5438456
          ],
          [
            107.1531745,
            10.543863
          ],
          [
            107.1532987,
            10.5437636
          ],
          [
            107.1534516,
            10.5437264
          ],
          [
            107.1535323,
            10.5436508
          ],
          [
            107.1532436,
            10.5435639
          ],
          [
            107.1529566,
            10.5433388
          ],
          [
            107.152801,
            10.5432072
          ],
          [
            107.1524014,
            10.5431113
          ],
          [
            107.1521125,
            10.5430238
          ],
          [
            107.1520275,
            10.5428148
          ],
          [
            107.152025,
            10.5425378
          ],
          [
            107.1519353,
            10.5423101
          ],
          [
            107.1516964,
            10.5422296
          ],
          [
            107.1514361,
            10.542254
          ],
          [
            107.1512467,
            10.5423711
          ],
          [
            107.1509264,
            10.5425123
          ],
          [
            107.1507604,
            10.5425642
          ],
          [
            107.1507401,
            10.54248
          ],
          [
            107.1506374,
            10.5424507
          ],
          [
            107.1503513,
            10.5425131
          ],
          [
            107.150109,
            10.542644
          ],
          [
            107.1497813,
            10.5426309
          ],
          [
            107.1493594,
            10.5425468
          ],
          [
            107.1488881,
            10.5424402
          ],
          [
            107.1486256,
            10.5422952
          ],
          [
            107.1484276,
            10.5420361
          ],
          [
            107.1483175,
            10.5418583
          ],
          [
            107.1483041,
            10.5415253
          ],
          [
            107.1482739,
            10.5413156
          ],
          [
            107.1482723,
            10.541117
          ],
          [
            107.148172,
            10.5408678
          ],
          [
            107.1480816,
            10.5405784
          ],
          [
            107.1480611,
            10.5404795
          ],
          [
            107.1481553,
            10.5403144
          ],
          [
            107.1482439,
            10.5401535
          ],
          [
            107.1482094,
            10.5399761
          ],
          [
            107.1481771,
            10.5398254
          ],
          [
            107.1480282,
            10.5397325
          ],
          [
            107.1480363,
            10.5396688
          ],
          [
            107.1479947,
            10.5396171
          ],
          [
            107.1479112,
            10.5395536
          ],
          [
            107.1478588,
            10.5395125
          ],
          [
            107.1477811,
            10.5394986
          ],
          [
            107.1476845,
            10.5394646
          ],
          [
            107.1477024,
            10.5393834
          ],
          [
            107.1477299,
            10.5393129
          ],
          [
            107.1476915,
            10.5392557
          ],
          [
            107.1476524,
            10.539232
          ],
          [
            107.1476026,
            10.5391771
          ],
          [
            107.1475906,
            10.5390922
          ],
          [
            107.1476019,
            10.5390265
          ],
          [
            107.1476171,
            10.5389627
          ],
          [
            107.147663,
            10.5389097
          ],
          [
            107.1476916,
            10.5388481
          ],
          [
            107.1476371,
            10.5388024
          ],
          [
            107.147569,
            10.5387567
          ],
          [
            107.1475057,
            10.5387605
          ],
          [
            107.1474368,
            10.5387691
          ],
          [
            107.1474039,
            10.5387383
          ],
          [
            107.1473772,
            10.5386536
          ],
          [
            107.1474395,
            10.5385836
          ],
          [
            107.1474706,
            10.5385478
          ],
          [
            107.1474896,
            10.5385006
          ],
          [
            107.1475361,
            10.5384244
          ],
          [
            107.1476095,
            10.5383648
          ],
          [
            107.1476678,
            10.538306
          ],
          [
            107.1477176,
            10.538233
          ],
          [
            107.1477182,
            10.538115
          ],
          [
            107.1476937,
            10.5380134
          ],
          [
            107.1476172,
            10.5378785
          ],
          [
            107.1475647,
            10.5378296
          ],
          [
            107.1475229,
            10.5377898
          ],
          [
            107.1474825,
            10.5377521
          ],
          [
            107.1474531,
            10.5376919
          ],
          [
            107.1474304,
            10.537657
          ],
          [
            107.1474307,
            10.5376044
          ],
          [
            107.147448,
            10.5375389
          ],
          [
            107.1474275,
            10.5374903
          ],
          [
            107.1473865,
            10.5374472
          ],
          [
            107.1473395,
            10.537451
          ],
          [
            107.1472749,
            10.5374764
          ],
          [
            107.1472295,
            10.5374897
          ],
          [
            107.1471383,
            10.5375107
          ],
          [
            107.1470951,
            10.5375147
          ],
          [
            107.1470282,
            10.5375229
          ],
          [
            107.1469635,
            10.5375041
          ],
          [
            107.1468971,
            10.5374995
          ],
          [
            107.1468549,
            10.5375032
          ],
          [
            107.1467932,
            10.5375238
          ],
          [
            107.1467155,
            10.537572
          ],
          [
            107.1466841,
            10.537566
          ],
          [
            107.1466281,
            10.5375895
          ],
          [
            107.1465773,
            10.5376085
          ],
          [
            107.1464971,
            10.5376531
          ],
          [
            107.1464752,
            10.5376602
          ],
          [
            107.1464301,
            10.5376799
          ],
          [
            107.1463969,
            10.5377152
          ],
          [
            107.1464042,
            10.53774
          ],
          [
            107.1464269,
            10.5377554
          ],
          [
            107.1464253,
            10.5378016
          ],
          [
            107.146423,
            10.5378345
          ],
          [
            107.1464251,
            10.5378725
          ],
          [
            107.1464127,
            10.5379106
          ],
          [
            107.1463983,
            10.5379539
          ],
          [
            107.1463924,
            10.5380057
          ],
          [
            107.1463904,
            10.5380574
          ],
          [
            107.1463821,
            10.5381198
          ],
          [
            107.1463991,
            10.5381846
          ],
          [
            107.1463859,
            10.538222
          ],
          [
            107.1463917,
            10.5382876
          ],
          [
            107.1464143,
            10.5384473
          ],
          [
            107.1464342,
            10.5385542
          ],
          [
            107.1464926,
            10.5386604
          ],
          [
            107.1464684,
            10.5387135
          ],
          [
            107.1464741,
            10.5387661
          ],
          [
            107.1464644,
            10.5388219
          ],
          [
            107.146452,
            10.5388702
          ],
          [
            107.1464427,
            10.5389292
          ],
          [
            107.1464287,
            10.5389901
          ],
          [
            107.1464232,
            10.5390226
          ],
          [
            107.1463925,
            10.5390556
          ],
          [
            107.1463869,
            10.5390855
          ],
          [
            107.1463537,
            10.5391693
          ],
          [
            107.1463237,
            10.5392703
          ],
          [
            107.1462251,
            10.5394592
          ],
          [
            107.1461541,
            10.5395757
          ],
          [
            107.1460985,
            10.5396093
          ],
          [
            107.1460103,
            10.5397283
          ],
          [
            107.1459751,
            10.5398696
          ],
          [
            107.1458917,
            10.5399037
          ],
          [
            107.1456244,
            10.5399552
          ],
          [
            107.1453553,
            10.5399715
          ],
          [
            107.1452112,
            10.5398571
          ],
          [
            107.1450225,
            10.5398175
          ],
          [
            107.1447889,
            10.5397468
          ],
          [
            107.144575,
            10.5397127
          ],
          [
            107.1442852,
            10.5396409
          ],
          [
            107.1441261,
            10.5396284
          ],
          [
            107.1440111,
            10.5396642
          ],
          [
            107.1438268,
            10.5396058
          ],
          [
            107.1437505,
            10.5394748
          ],
          [
            107.1436979,
            10.5393447
          ],
          [
            107.1436349,
            10.5392344
          ],
          [
            107.1435767,
            10.5391636
          ],
          [
            107.1435072,
            10.5389881
          ],
          [
            107.1434341,
            10.5388812
          ],
          [
            107.1433732,
            10.5387528
          ],
          [
            107.1431937,
            10.5386831
          ],
          [
            107.1429801,
            10.5386618
          ],
          [
            107.1427893,
            10.5386694
          ],
          [
            107.1427186,
            10.5385757
          ],
          [
            107.1426062,
            10.5385584
          ],
          [
            107.1425435,
            10.5384926
          ],
          [
            107.1424731,
            10.538488
          ],
          [
            107.14241,
            10.5384404
          ],
          [
            107.1422722,
            10.538395
          ],
          [
            107.1421474,
            10.5383789
          ],
          [
            107.1420154,
            10.5383172
          ],
          [
            107.1418454,
            10.5381404
          ],
          [
            107.1417409,
            10.5381033
          ],
          [
            107.1415552,
            10.5381258
          ],
          [
            107.1413747,
            10.5380707
          ],
          [
            107.141234,
            10.538075
          ],
          [
            107.1410653,
            10.5380422
          ],
          [
            107.1408497,
            10.5380765
          ],
          [
            107.1404292,
            10.5383328
          ],
          [
            107.1405332,
            10.5385198
          ],
          [
            107.1406491,
            10.5388391
          ],
          [
            107.1407779,
            10.5391134
          ],
          [
            107.1409173,
            10.5393032
          ],
          [
            107.1409731,
            10.5394849
          ],
          [
            107.1410107,
            10.5396853
          ]
        ]
      },
      "id": "relation/19288815"
    },
    {
      "type": "Feature",
      "properties": {
        "@id": "relation/19288823",
        "name": "Nui Dinh Blue Route",
        "route": "hiking",
        "type": "route"
      },
      "geometry": {
        "type": "MultiLineString",
        "coordinates": [
          [
            [
              107.1404292,
              10.5383328
            ],
            [
              107.1405332,
              10.5385198
            ],
            [
              107.1406491,
              10.5388391
            ],
            [
              107.1407779,
              10.5391134
            ],
            [
              107.1409173,
              10.5393032
            ],
            [
              107.1409731,
              10.5394849
            ],
            [
              107.1410107,
              10.5396853
            ],
            [
              107.1409731,
              10.5394849
            ],
            [
              107.1409173,
              10.5393032
            ],
            [
              107.1407779,
              10.5391134
            ],
            [
              107.1406491,
              10.5388391
            ],
            [
              107.1405332,
              10.5385198
            ],
            [
              107.1404292,
              10.5383328
            ]
          ],
          [
            [
              107.1410107,
              10.5396853
            ],
            [
              107.1408497,
              10.5397275
            ],
            [
              107.1407156,
              10.5398119
            ],
            [
              107.1405762,
              10.5399174
            ],
            [
              107.1404152,
              10.5399754
            ],
            [
              107.1402704,
              10.5399912
            ],
            [
              107.1400719,
              10.5400123
            ],
            [
              107.1399646,
              10.5400439
            ],
            [
              107.1398681,
              10.5401231
            ],
            [
              107.1398037,
              10.5402338
            ],
            [
              107.139734,
              10.5403129
            ],
            [
              107.1396964,
              10.5403868
            ],
            [
              107.1396374,
              10.5404026
            ],
            [
              107.1395945,
              10.5403709
            ],
            [
              107.1395033,
              10.5402865
            ],
            [
              107.1394014,
              10.5402127
            ],
            [
              107.139337,
              10.5401969
            ],
            [
              107.1392833,
              10.5402074
            ],
            [
              107.1391224,
              10.5402391
            ],
            [
              107.1390366,
              10.5402338
            ],
            [
              107.1389293,
              10.5401652
            ],
            [
              107.1388596,
              10.5401125
            ],
            [
              107.1387737,
              10.5400967
            ],
            [
              107.1384787,
              10.5400703
            ],
            [
              107.1383017,
              10.5400703
            ],
            [
              107.1381032,
              10.5400123
            ],
            [
              107.13791,
              10.5399543
            ],
            [
              107.1376311,
              10.5398963
            ],
            [
              107.137497,
              10.5398699
            ],
            [
              107.1374112,
              10.5397961
            ],
            [
              107.1373307,
              10.5398119
            ],
            [
              107.1372288,
              10.5398383
            ],
            [
              107.1371698,
              10.5398277
            ],
            [
              107.1370839,
              10.5397961
            ],
            [
              107.1370035,
              10.5397328
            ],
            [
              107.1368694,
              10.5396642
            ],
            [
              107.1367835,
              10.5395904
            ],
            [
              107.1366065,
              10.5395324
            ],
            [
              107.1364563,
              10.5394374
            ],
            [
              107.1362739,
              10.5393583
            ],
            [
              107.1361344,
              10.5393425
            ],
            [
              107.135952,
              10.5393847
            ],
            [
              107.1358018,
              10.5395271
            ],
            [
              107.1356999,
              10.5396431
            ],
            [
              107.1356945,
              10.5398646
            ],
            [
              107.1356087,
              10.5399701
            ],
            [
              107.1354961,
              10.5400545
            ],
            [
              107.1352868,
              10.5403815
            ],
            [
              107.1351796,
              10.5404764
            ],
            [
              107.1350615,
              10.5405502
            ],
            [
              107.1349703,
              10.5406874
            ],
            [
              107.1348362,
              10.5410143
            ],
            [
              107.1346968,
              10.5414099
            ],
            [
              107.1346002,
              10.5415892
            ],
            [
              107.134509,
              10.5416578
            ],
            [
              107.1343373,
              10.5417158
            ],
            [
              107.1341657,
              10.5417527
            ],
            [
              107.1340799,
              10.5417474
            ],
            [
              107.1339779,
              10.5417052
            ],
            [
              107.1338438,
              10.541758
            ],
            [
              107.1335971,
              10.5418265
            ],
            [
              107.1335166,
              10.5419215
            ],
            [
              107.1334039,
              10.5420797
            ],
            [
              107.1333288,
              10.5421535
            ],
            [
              107.1332591,
              10.5421904
            ],
            [
              107.1330713,
              10.5422221
            ],
            [
              107.132948,
              10.5422801
            ],
            [
              107.1327817,
              10.5423803
            ],
            [
              107.1325081,
              10.5424066
            ],
            [
              107.1323632,
              10.5424383
            ],
            [
              107.1322452,
              10.5424383
            ],
            [
              107.1321379,
              10.5424225
            ],
            [
              107.1319395,
              10.5424436
            ],
            [
              107.1318086,
              10.5424939
            ],
            [
              107.1317517,
              10.542586
            ],
            [
              107.131639,
              10.5428075
            ],
            [
              107.1314459,
              10.5430923
            ],
            [
              107.1313225,
              10.5432663
            ],
            [
              107.131226,
              10.543319
            ],
            [
              107.1311133,
              10.5433348
            ],
            [
              107.1309846,
              10.5433138
            ],
            [
              107.1308558,
              10.5433348
            ],
            [
              107.1307915,
              10.5433718
            ],
            [
              107.1307217,
              10.5434456
            ],
            [
              107.1306413,
              10.543588
            ],
            [
              107.1306037,
              10.5436882
            ],
            [
              107.1305125,
              10.5437251
            ],
            [
              107.1304267,
              10.5437251
            ],
            [
              107.130373,
              10.5436882
            ],
            [
              107.1303033,
              10.5437093
            ],
            [
              107.1302014,
              10.5437515
            ],
            [
              107.1301048,
              10.5437568
            ],
            [
              107.1300565,
              10.5437093
            ],
            [
              107.1300351,
              10.5436144
            ],
            [
              107.1300404,
              10.5435247
            ],
            [
              107.1300941,
              10.5433454
            ],
            [
              107.1301746,
              10.5432452
            ],
            [
              107.1301746,
              10.5431555
            ],
            [
              107.1301477,
              10.542971
            ],
            [
              107.1301155,
              10.5429182
            ],
            [
              107.1300404,
              10.5429235
            ],
            [
              107.1299653,
              10.5429182
            ],
            [
              107.1298956,
              10.5428918
            ],
            [
              107.129901,
              10.5428127
            ],
            [
              107.1299171,
              10.5426862
            ],
            [
              107.1298795,
              10.5425965
            ],
            [
              107.1298044,
              10.5424488
            ],
            [
              107.1298312,
              10.5423697
            ],
            [
              107.1298366,
              10.5422906
            ],
            [
              107.129783,
              10.5422484
            ],
            [
              107.1296381,
              10.5422168
            ],
            [
              107.1295201,
              10.5421693
            ],
            [
              107.1294074,
              10.5420797
            ],
            [
              107.1293914,
              10.5420164
            ],
            [
              107.1293109,
              10.5419847
            ],
            [
              107.1292465,
              10.5419742
            ],
            [
              107.1292143,
              10.541932
            ],
            [
              107.1292036,
              10.541874
            ],
            [
              107.1291285,
              10.5418107
            ],
            [
              107.1290215,
              10.5417263
            ],
            [
              107.1289678,
              10.5416525
            ],
            [
              107.1288498,
              10.5415628
            ],
            [
              107.1287479,
              10.5414837
            ],
            [
              107.1286996,
              10.5414152
            ],
            [
              107.1287103,
              10.5413308
            ],
            [
              107.1286782,
              10.5412517
            ],
            [
              107.1287103,
              10.5411831
            ],
            [
              107.1287693,
              10.5410565
            ],
            [
              107.1288284,
              10.5409669
            ],
            [
              107.1289142,
              10.5409141
            ],
            [
              107.1289678,
              10.5407876
            ],
            [
              107.1289678,
              10.5406452
            ],
            [
              107.1289303,
              10.540545
            ],
            [
              107.1288337,
              10.5404606
            ],
            [
              107.1287479,
              10.5403973
            ],
            [
              107.1286084,
              10.5403235
            ],
            [
              107.1285494,
              10.5402338
            ],
            [
              107.1285279,
              10.5401389
            ],
            [
              107.1285226,
              10.5399279
            ],
            [
              107.1284904,
              10.5396537
            ],
            [
              107.1284797,
              10.5394216
            ],
            [
              107.1284502,
              10.5392382
            ],
            [
              107.1284631,
              10.5390792
            ],
            [
              107.1283979,
              10.5387952
            ],
            [
              107.1283348,
              10.5385827
            ],
            [
              107.1283187,
              10.5384049
            ],
            [
              107.1283134,
              10.5381559
            ],
            [
              107.1283424,
              10.5379208
            ],
            [
              107.1283424,
              10.537706
            ],
            [
              107.128322,
              10.5375307
            ],
            [
              107.1283801,
              10.5375408
            ],
            [
              107.1285801,
              10.5375316
            ],
            [
              107.1286832,
              10.5375316
            ],
            [
              107.1288456,
              10.5375715
            ],
            [
              107.1289518,
              10.5375654
            ],
            [
              107.1290112,
              10.5375377
            ],
            [
              107.129058,
              10.5374824
            ],
            [
              107.1291112,
              10.5374302
            ],
            [
              107.1291799,
              10.5373934
            ],
            [
              107.1292013,
              10.5373672
            ],
            [
              107.1292299,
              10.537332
            ],
            [
              107.1292486,
              10.5372613
            ],
            [
              107.1292549,
              10.5371753
            ],
            [
              107.1292517,
              10.5370647
            ],
            [
              107.1292361,
              10.5369603
            ],
            [
              107.129208,
              10.5368252
            ],
            [
              107.1291893,
              10.5366593
            ],
            [
              107.1291424,
              10.5365365
            ],
            [
              107.1290612,
              10.5364474
            ],
            [
              107.1289862,
              10.5363583
            ],
            [
              107.1289237,
              10.536214
            ],
            [
              107.1288456,
              10.5358976
            ],
            [
              107.1287894,
              10.5357533
            ],
            [
              107.1287175,
              10.5356058
            ],
            [
              107.1286363,
              10.5355229
            ],
            [
              107.1285238,
              10.53544
            ],
            [
              107.1284457,
              10.5353663
            ],
            [
              107.1283895,
              10.5352403
            ],
            [
              107.1282833,
              10.5350745
            ],
            [
              107.1281177,
              10.5348963
            ],
            [
              107.128049,
              10.5347858
            ],
            [
              107.1280146,
              10.5346168
            ],
            [
              107.1280271,
              10.534494
            ],
            [
              107.1280302,
              10.5343435
            ],
            [
              107.1280146,
              10.5341623
            ],
            [
              107.1279677,
              10.5339381
            ],
            [
              107.1279178,
              10.5337845
            ],
            [
              107.1278615,
              10.5337261
            ],
            [
              107.1277522,
              10.5336432
            ],
            [
              107.1276022,
              10.5335234
            ],
            [
              107.1275366,
              10.5334466
            ],
            [
              107.1275054,
              10.5333545
            ],
            [
              107.127471,
              10.5331272
            ],
            [
              107.127471,
              10.5330381
            ],
            [
              107.1274304,
              10.532946
            ],
            [
              107.1273367,
              10.5328324
            ],
            [
              107.1272128,
              10.5327418
            ],
            [
              107.1270972,
              10.5326896
            ],
            [
              107.1269566,
              10.5326036
            ],
            [
              107.1268972,
              10.5325268
            ],
            [
              107.1269066,
              10.5324501
            ],
            [
              107.1269379,
              10.5323364
            ],
            [
              107.1269972,
              10.5321552
            ],
            [
              107.1270566,
              10.5318665
            ],
            [
              107.1271378,
              10.5315808
            ],
            [
              107.1271972,
              10.5314211
            ],
            [
              107.1272909,
              10.5313505
            ],
            [
              107.1274377,
              10.5313044
            ],
            [
              107.1275908,
              10.5312921
            ],
            [
              107.1277876,
              10.5312768
            ],
            [
              107.1280094,
              10.5312706
            ],
            [
              107.1281,
              10.5312614
            ],
            [
              107.128225,
              10.5312184
            ],
            [
              107.1283062,
              10.5311692
            ],
            [
              107.1283812,
              10.5311416
            ],
            [
              107.128478,
              10.5311293
            ],
            [
              107.1286436,
              10.5311385
            ],
            [
              107.1288342,
              10.5311447
            ],
            [
              107.1289154,
              10.5311017
            ],
            [
              107.1290404,
              10.5310587
            ],
            [
              107.1292216,
              10.5310095
            ],
            [
              107.129334,
              10.5309788
            ],
            [
              107.1294215,
              10.5309143
            ],
            [
              107.1294903,
              10.5308007
            ],
            [
              107.1296152,
              10.5305918
            ],
            [
              107.1297433,
              10.5304782
            ],
            [
              107.1298495,
              10.5304321
            ],
            [
              107.1299839,
              10.5304045
            ],
            [
              107.1301651,
              10.5303922
            ],
            [
              107.1303244,
              10.5303614
            ],
            [
              107.1304837,
              10.5303
            ],
            [
              107.1306337,
              10.5302386
            ],
            [
              107.1308367,
              10.530171
            ],
            [
              107.1310773,
              10.5301219
            ],
            [
              107.1312304,
              10.5300113
            ],
            [
              107.1313397,
              10.5298547
            ],
            [
              107.1314209,
              10.5297349
            ],
            [
              107.1315084,
              10.5296519
            ],
            [
              107.1316178,
              10.5295751
            ],
            [
              107.1316865,
              10.529483
            ],
            [
              107.131724,
              10.5293509
            ],
            [
              107.1317427,
              10.5292158
            ],
            [
              107.1317615,
              10.5290069
            ],
            [
              107.1318115,
              10.5288226
            ],
            [
              107.1318864,
              10.528666
            ],
            [
              107.1319895,
              10.5285462
            ],
            [
              107.1320926,
              10.528494
            ],
            [
              107.1321957,
              10.5284541
            ],
            [
              107.1323238,
              10.5284541
            ],
            [
              107.1324894,
              10.5284756
            ],
            [
              107.1325706,
              10.5285308
            ],
            [
              107.1326643,
              10.5285339
            ],
            [
              107.1326956,
              10.5284817
            ],
            [
              107.1327018,
              10.528408
            ],
            [
              107.1327299,
              10.5282728
            ],
            [
              107.1327581,
              10.5281285
            ],
            [
              107.1327893,
              10.5279073
            ],
            [
              107.1328299,
              10.5277415
            ],
            [
              107.1328955,
              10.5275787
            ],
            [
              107.1329861,
              10.5274159
            ],
            [
              107.1330923,
              10.5272592
            ],
            [
              107.1331861,
              10.5271026
            ],
            [
              107.1332548,
              10.5270012
            ],
            [
              107.1333454,
              10.5269337
            ],
            [
              107.1334641,
              10.5269029
            ],
            [
              107.1336422,
              10.5269029
            ],
            [
              107.1337828,
              10.5269306
            ],
            [
              107.1338827,
              10.5269337
            ],
            [
              107.1339733,
              10.5269091
            ],
            [
              107.1340389,
              10.5268722
            ],
            [
              107.1341313,
              10.5268188
            ],
            [
              107.1341442,
              10.5268378
            ],
            [
              107.1342333,
              10.5270358
            ],
            [
              107.1344427,
              10.5274477
            ],
            [
              107.1345835,
              10.5273423
            ],
            [
              107.1347051,
              10.5272488
            ],
            [
              107.1349363,
              10.5270307
            ],
            [
              107.1351581,
              10.5268618
            ],
            [
              107.1352893,
              10.526742
            ],
            [
              107.1354174,
              10.5265977
            ],
            [
              107.1355143,
              10.5264441
            ],
            [
              107.135733,
              10.5263028
            ],
            [
              107.1358579,
              10.5261953
            ],
            [
              107.1359891,
              10.526097
            ],
            [
              107.1361453,
              10.5260571
            ],
            [
              107.1364296,
              10.5260325
            ],
            [
              107.1366983,
              10.5259987
            ],
            [
              107.1369919,
              10.5259557
            ],
            [
              107.1372387,
              10.5258666
            ],
            [
              107.1373762,
              10.5258175
            ],
            [
              107.1375168,
              10.5257899
            ],
            [
              107.1377355,
              10.5257837
            ],
            [
              107.1378698,
              10.5257622
            ],
            [
              107.1380448,
              10.5256916
            ],
            [
              107.1382384,
              10.5257192
            ],
            [
              107.138529,
              10.5257776
            ],
            [
              107.1387258,
              10.5258421
            ],
            [
              107.1389351,
              10.5260417
            ],
            [
              107.1390913,
              10.5261554
            ],
            [
              107.1392288,
              10.526226
            ],
            [
              107.139385,
              10.5262567
            ],
            [
              107.1395349,
              10.526312
            ],
            [
              107.1397068,
              10.5264257
            ],
            [
              107.1397849,
              10.5265884
            ],
            [
              107.1399036,
              10.5268096
            ],
            [
              107.1401285,
              10.5270891
            ],
            [
              107.1402941,
              10.5272488
            ],
            [
              107.1405627,
              10.5273901
            ],
            [
              107.1407283,
              10.5274116
            ],
            [
              107.140947,
              10.5274239
            ],
            [
              107.141072,
              10.5274239
            ],
            [
              107.1412219,
              10.5273532
            ],
            [
              107.1412875,
              10.5272918
            ],
            [
              107.1413937,
              10.5272795
            ],
            [
              107.1415062,
              10.5272058
            ],
            [
              107.1416834,
              10.5273568
            ],
            [
              107.141854,
              10.5275464
            ],
            [
              107.1418911,
              10.5278761
            ],
            [
              107.1421903,
              10.5280394
            ],
            [
              107.1423296,
              10.5282928
            ],
            [
              107.1424036,
              10.5285414
            ],
            [
              107.1425051,
              10.528823
            ],
            [
              107.1426913,
              10.5288918
            ],
            [
              107.1430288,
              10.529217
            ],
            [
              107.1430883,
              10.5294235
            ],
            [
              107.143323,
              10.5297163
            ],
            [
              107.1434804,
              10.5300093
            ],
            [
              107.1434383,
              10.5300559
            ],
            [
              107.143561,
              10.5301334
            ],
            [
              107.1436968,
              10.5302866
            ],
            [
              107.144042,
              10.530646
            ],
            [
              107.1441326,
              10.5308462
            ],
            [
              107.1442011,
              10.5310769
            ],
            [
              107.1441428,
              10.531205
            ],
            [
              107.1445818,
              10.5315442
            ],
            [
              107.1449223,
              10.5316605
            ],
            [
              107.1449436,
              10.5316761
            ],
            [
              107.1449276,
              10.5317883
            ],
            [
              107.1449623,
              10.5319172
            ],
            [
              107.1449867,
              10.5320194
            ],
            [
              107.1449873,
              10.5322199
            ],
            [
              107.1449769,
              10.5322955
            ],
            [
              107.1448443,
              10.5324301
            ],
            [
              107.1446876,
              10.5326641
            ],
            [
              107.1445358,
              10.5328826
            ],
            [
              107.1443774,
              10.5331694
            ],
            [
              107.1443032,
              10.5334946
            ],
            [
              107.1441983,
              10.5338336
            ],
            [
              107.1442745,
              10.5339877
            ],
            [
              107.1442771,
              10.5342061
            ],
            [
              107.1442311,
              10.5344738
            ],
            [
              107.1440877,
              10.5345677
            ],
            [
              107.1438838,
              10.534712
            ],
            [
              107.1437031,
              10.5348832
            ],
            [
              107.1434147,
              10.5350231
            ],
            [
              107.1432659,
              10.535204
            ],
            [
              107.14318,
              10.5354064
            ],
            [
              107.1430581,
              10.5357379
            ],
            [
              107.1429758,
              10.5360168
            ],
            [
              107.1427591,
              10.5361663
            ],
            [
              107.1425985,
              10.5363726
            ],
            [
              107.1424174,
              10.5364953
            ],
            [
              107.1421413,
              10.5366458
            ],
            [
              107.1419822,
              10.5367384
            ],
            [
              107.1417931,
              10.5369381
            ],
            [
              107.1416677,
              10.5370959
            ],
            [
              107.1414934,
              10.5373242
            ],
            [
              107.1414647,
              10.5376338
            ],
            [
              107.1414986,
              10.5378755
            ],
            [
              107.1414118,
              10.5380031
            ],
            [
              107.141234,
              10.538075
            ],
            [
              107.1410653,
              10.5380422
            ],
            [
              107.1408497,
              10.5380765
            ],
            [
              107.1404292,
              10.5383328
            ]
          ]
        ]
      },
      "id": "relation/19288823"
    },
    {
      "type": "Feature",
      "properties": {
        "@id": "relation/19452736",
        "colour": "#32CD32",
        "distance": "7",
        "name": "Ham Lon Trail",
        "network": "lwn",
        "network:type": "lwn",
        "operator": "[VNO] Vietnam Outdoor",
        "ref": "VNO-HN-SS-NS-003",
        "roundtrip": "yes",
        "route": "hiking",
        "type": "route",
        "website": "https://www.facebook.com/VNMOutdoor"
      },
      "geometry": {
        "type": "LineString",
        "coordinates": [
          [
            105.7898723,
            21.3152697
          ],
          [
            105.7898185,
            21.3151647
          ],
          [
            105.7897702,
            21.3150436
          ],
          [
            105.7897431,
            21.3149225
          ],
          [
            105.7897051,
            21.3148402
          ],
          [
            105.7896338,
            21.314769
          ],
          [
            105.789535,
            21.3147181
          ],
          [
            105.7894492,
            21.3146409
          ],
          [
            105.7893338,
            21.3145623
          ],
          [
            105.789243,
            21.3144722
          ],
          [
            105.7891003,
            21.3143049
          ],
          [
            105.7889764,
            21.3142074
          ],
          [
            105.7887426,
            21.3140306
          ]
        ]
      },
      "id": "relation/19452736"
    },
    {
      "type": "Feature",
      "properties": {
        "@id": "relation/19452863",
        "alt_name": "Balerion",
        "ascent": "2550",
        "distance": "30",
        "name": "Ham Lon Chan Ai 2025",
        "name:en": "HLCA2025",
        "name:vi": "Hàm Lợn Chân Ái 2025",
        "network": "lwn",
        "network:type": "lwn",
        "operator": "[VNO] Vietnam Outdoor",
        "ref": "VNO-HN-SS-NS-004",
        "roundtrip": "yes",
        "route": "hiking",
        "type": "route",
        "website": "https://www.facebook.com/VNMOutdoor"
      },
      "geometry": {
        "type": "LineString",
        "coordinates": [
          [
            105.782473,
            21.2934038
          ],
          [
            105.7827256,
            21.2933455
          ],
          [
            105.7829137,
            21.2932748
          ]
        ]
      },
      "id": "relation/19452863"
    },
    {
      "type": "Feature",
      "properties": {
        "@id": "relation/19455987",
        "name": "Chom Nui Trail",
        "network": "lwn",
        "network:type": "lwn",
        "operator": "[VNO] Vietnam Outdoor",
        "ref": "VNO-CNT-001",
        "roundtrip": "yes",
        "route": "hiking",
        "type": "route",
        "website": "https://www.facebook.com/VNMOutdoor"
      },
      "geometry": {
        "type": "LineString",
        "coordinates": [
          [
            105.797763,
            21.3261483
          ],
          [
            105.797727,
            21.3260694
          ],
          [
            105.7977172,
            21.3259592
          ],
          [
            105.7977089,
            21.3258448
          ]
        ]
      },
      "id": "relation/19455987"
    },
    {
      "type": "Feature",
      "properties": {
        "@id": "relation/20402194",
        "colour": "red",
        "name": "di Ao Ech",
        "network": "lwn",
        "roundtrip": "no",
        "route": "hiking",
        "type": "route"
      },
      "geometry": {
        "type": "LineString",
        "coordinates": [
          [
            106.9893681,
            20.7941702
          ],
          [
            106.989455,
            20.7942319
          ],
          [
            106.9896671,
            20.7943818
          ],
          [
            106.990456,
            20.7949422
          ],
          [
            106.9911726,
            20.7954512
          ],
          [
            106.991539,
            20.7957665
          ],
          [
            106.992031,
            20.7962736
          ],
          [
            106.9923219,
            20.7965998
          ],
          [
            106.9924179,
            20.7966467
          ],
          [
            106.99253,
            20.7966791
          ],
          [
            106.9926581,
            20.7968092
          ],
          [
            106.9926937,
            20.7968484
          ],
          [
            106.9928783,
            20.7971441
          ],
          [
            106.9931199,
            20.7973639
          ],
          [
            106.9932243,
            20.7974599
          ],
          [
            106.9934405,
            20.7975204
          ],
          [
            106.9936636,
            20.797502
          ],
          [
            106.9938228,
            20.7975698
          ],
          [
            106.993924,
            20.7977935
          ],
          [
            106.9939324,
            20.7982262
          ],
          [
            106.9940603,
            20.7986348
          ],
          [
            106.9940746,
            20.7989
          ],
          [
            106.9941035,
            20.7990216
          ],
          [
            106.994199,
            20.7990809
          ],
          [
            106.9944443,
            20.7990394
          ],
          [
            106.994698,
            20.7989395
          ],
          [
            106.9950746,
            20.7988723
          ],
          [
            106.9953001,
            20.7988518
          ],
          [
            106.9959585,
            20.7988311
          ],
          [
            106.9968202,
            20.7988061
          ],
          [
            106.9971509,
            20.7987621
          ],
          [
            106.9976536,
            20.7986984
          ],
          [
            106.9979535,
            20.7986813
          ],
          [
            106.9981471,
            20.798684
          ],
          [
            106.9986535,
            20.7986746
          ],
          [
            106.9992978,
            20.7986991
          ],
          [
            107.0002561,
            20.7987844
          ],
          [
            107.0010106,
            20.7990534
          ],
          [
            107.001424,
            20.7992024
          ],
          [
            107.0017924,
            20.7992994
          ],
          [
            107.0020448,
            20.7992692
          ],
          [
            107.0025339,
            20.7989706
          ],
          [
            107.0033311,
            20.7986658
          ],
          [
            107.003573,
            20.7985563
          ],
          [
            107.0039895,
            20.7984164
          ],
          [
            107.0049538,
            20.7982521
          ],
          [
            107.0055877,
            20.7980516
          ],
          [
            107.0059749,
            20.7979068
          ],
          [
            107.0063442,
            20.7977895
          ],
          [
            107.0065339,
            20.7977303
          ],
          [
            107.006724,
            20.7976503
          ],
          [
            107.0068895,
            20.7975475
          ],
          [
            107.0070683,
            20.7974769
          ],
          [
            107.0077524,
            20.7972513
          ],
          [
            107.0081251,
            20.7971446
          ],
          [
            107.0083697,
            20.797028
          ],
          [
            107.0088222,
            20.7967148
          ],
          [
            107.0091493,
            20.7965371
          ],
          [
            107.0100808,
            20.7961039
          ],
          [
            107.0105833,
            20.7959503
          ],
          [
            107.0108816,
            20.7958979
          ],
          [
            107.0110749,
            20.7958404
          ],
          [
            107.0113793,
            20.7957759
          ],
          [
            107.0114752,
            20.7957301
          ],
          [
            107.011595,
            20.7956957
          ],
          [
            107.0117693,
            20.7956902
          ],
          [
            107.0118833,
            20.7957096
          ],
          [
            107.0119448,
            20.7958106
          ],
          [
            107.0120235,
            20.7960048
          ],
          [
            107.0121985,
            20.7961147
          ],
          [
            107.0125599,
            20.7960933
          ],
          [
            107.0127748,
            20.7959322
          ],
          [
            107.0132273,
            20.7956337
          ],
          [
            107.0135426,
            20.7954846
          ],
          [
            107.0137014,
            20.7953834
          ],
          [
            107.0138261,
            20.7953665
          ],
          [
            107.0139585,
            20.7953754
          ],
          [
            107.0140067,
            20.795418
          ],
          [
            107.0141075,
            20.7954163
          ],
          [
            107.0143115,
            20.7953725
          ],
          [
            107.0145003,
            20.7952523
          ],
          [
            107.0147558,
            20.7949944
          ],
          [
            107.0149061,
            20.7947982
          ],
          [
            107.0150414,
            20.7946108
          ],
          [
            107.0149689,
            20.7944912
          ],
          [
            107.0153071,
            20.7941723
          ],
          [
            107.0153983,
            20.7940917
          ],
          [
            107.0154369,
            20.7939565
          ],
          [
            107.0154581,
            20.7938978
          ],
          [
            107.0155549,
            20.7938066
          ],
          [
            107.0157557,
            20.7938086
          ],
          [
            107.0158825,
            20.7937047
          ],
          [
            107.01625,
            20.7936389
          ],
          [
            107.0166982,
            20.7936248
          ],
          [
            107.0169136,
            20.7935438
          ],
          [
            107.0170639,
            20.7933342
          ],
          [
            107.0172817,
            20.7932522
          ],
          [
            107.0174115,
            20.7932001
          ],
          [
            107.0177736,
            20.7931306
          ],
          [
            107.0178952,
            20.7932872
          ],
          [
            107.0182939,
            20.7937013
          ],
          [
            107.0184554,
            20.7938139
          ],
          [
            107.018596,
            20.7938287
          ],
          [
            107.0186742,
            20.793892
          ],
          [
            107.0187617,
            20.793906
          ],
          [
            107.0188023,
            20.7938628
          ],
          [
            107.0188417,
            20.7938095
          ],
          [
            107.0188758,
            20.7937603
          ],
          [
            107.019033,
            20.7936545
          ],
          [
            107.0191249,
            20.7935927
          ],
          [
            107.0192336,
            20.7935258
          ],
          [
            107.0194445,
            20.7935303
          ],
          [
            107.0196118,
            20.7935534
          ],
          [
            107.0197747,
            20.7937597
          ],
          [
            107.0198978,
            20.7938429
          ],
          [
            107.019995,
            20.7939126
          ],
          [
            107.0200366,
            20.7939254
          ],
          [
            107.0201647,
            20.7939846
          ],
          [
            107.0201781,
            20.7940695
          ],
          [
            107.0201941,
            20.7941799
          ],
          [
            107.0201647,
            20.794395
          ],
          [
            107.0202426,
            20.7944976
          ],
          [
            107.0202189,
            20.7945316
          ],
          [
            107.0201785,
            20.7945857
          ],
          [
            107.0201634,
            20.7947409
          ],
          [
            107.0202338,
            20.7948695
          ],
          [
            107.0203305,
            20.7949282
          ],
          [
            107.0204114,
            20.7951315
          ],
          [
            107.0205481,
            20.7951973
          ],
          [
            107.020736,
            20.7952703
          ],
          [
            107.0209513,
            20.7953666
          ],
          [
            107.021137,
            20.7953741
          ],
          [
            107.0212431,
            20.7954881
          ],
          [
            107.0212068,
            20.7955919
          ],
          [
            107.0211715,
            20.7957188
          ],
          [
            107.0210335,
            20.7957659
          ],
          [
            107.0209778,
            20.7958502
          ],
          [
            107.0210257,
            20.7958642
          ],
          [
            107.0210914,
            20.7958798
          ],
          [
            107.0213642,
            20.7959672
          ],
          [
            107.0214426,
            20.7959982
          ],
          [
            107.0216224,
            20.7960909
          ],
          [
            107.0218139,
            20.796246
          ],
          [
            107.0219929,
            20.7964046
          ],
          [
            107.0222493,
            20.7965648
          ],
          [
            107.0224266,
            20.7967539
          ],
          [
            107.0227454,
            20.7968903
          ],
          [
            107.0227889,
            20.797117
          ],
          [
            107.0229806,
            20.7973059
          ],
          [
            107.0233139,
            20.7974268
          ],
          [
            107.0234009,
            20.7976634
          ],
          [
            107.0236902,
            20.7979558
          ],
          [
            107.0240341,
            20.7980692
          ],
          [
            107.0245086,
            20.798407
          ],
          [
            107.0246227,
            20.7984467
          ],
          [
            107.0247554,
            20.7986056
          ],
          [
            107.024887,
            20.7987396
          ],
          [
            107.0249842,
            20.7988455
          ],
          [
            107.0251644,
            20.7990006
          ],
          [
            107.0252558,
            20.7992506
          ],
          [
            107.0254558,
            20.7996155
          ],
          [
            107.0255232,
            20.7999896
          ],
          [
            107.0257342,
            20.8001652
          ],
          [
            107.0259877,
            20.8005488
          ],
          [
            107.0263524,
            20.8006893
          ],
          [
            107.0265032,
            20.8009196
          ],
          [
            107.0268944,
            20.8010053
          ],
          [
            107.0272176,
            20.8011418
          ],
          [
            107.0274682,
            20.8014565
          ],
          [
            107.0276453,
            20.8014766
          ],
          [
            107.0279237,
            20.8015177
          ],
          [
            107.0280041,
            20.8016061
          ],
          [
            107.0279559,
            20.8018478
          ],
          [
            107.0279556,
            20.8020484
          ],
          [
            107.0280315,
            20.8023391
          ],
          [
            107.0282255,
            20.8025217
          ],
          [
            107.0288383,
            20.8027477
          ],
          [
            107.0289864,
            20.8029208
          ],
          [
            107.0291249,
            20.8033801
          ],
          [
            107.0293029,
            20.8037131
          ],
          [
            107.0293542,
            20.8039155
          ],
          [
            107.029522,
            20.8041201
          ],
          [
            107.0295381,
            20.80431
          ],
          [
            107.0296545,
            20.8044192
          ],
          [
            107.0297052,
            20.8046709
          ],
          [
            107.0298107,
            20.8046892
          ],
          [
            107.0301309,
            20.8049002
          ],
          [
            107.030514,
            20.8050687
          ],
          [
            107.0307721,
            20.8054435
          ],
          [
            107.031084,
            20.805655
          ],
          [
            107.0311375,
            20.8059196
          ],
          [
            107.0312287,
            20.8061954
          ],
          [
            107.0315506,
            20.8063458
          ],
          [
            107.0318295,
            20.8066066
          ],
          [
            107.0321728,
            20.8066367
          ],
          [
            107.0326215,
            20.8068851
          ],
          [
            107.0328377,
            20.8070115
          ],
          [
            107.033125,
            20.8071849
          ],
          [
            107.0333702,
            20.8072987
          ],
          [
            107.0337051,
            20.8072124
          ],
          [
            107.0340909,
            20.8072302
          ],
          [
            107.0346188,
            20.8070183
          ],
          [
            107.0348521,
            20.8071085
          ],
          [
            107.0351061,
            20.8071555
          ],
          [
            107.0351691,
            20.8071961
          ],
          [
            107.0353554,
            20.8069535
          ],
          [
            107.0357665,
            20.8062364
          ],
          [
            107.0358315,
            20.8058636
          ],
          [
            107.0359978,
            20.8054639
          ],
          [
            107.0365313,
            20.805636
          ],
          [
            107.0365505,
            20.8057049
          ],
          [
            107.0369826,
            20.8059879
          ],
          [
            107.0372886,
            20.8060605
          ],
          [
            107.0375486,
            20.8062709
          ],
          [
            107.0376307,
            20.8065815
          ],
          [
            107.0378849,
            20.806878
          ],
          [
            107.0382847,
            20.8071543
          ],
          [
            107.0386236,
            20.8071949
          ],
          [
            107.038741,
            20.8071827
          ],
          [
            107.0389713,
            20.8071015
          ],
          [
            107.0390669,
            20.8070446
          ],
          [
            107.0394363,
            20.8066831
          ],
          [
            107.0398708,
            20.8060859
          ],
          [
            107.0402011,
            20.8057609
          ],
          [
            107.0403923,
            20.8054847
          ],
          [
            107.0404227,
            20.8053791
          ],
          [
            107.0404523,
            20.805092
          ],
          [
            107.0403945,
            20.8049871
          ],
          [
            107.0403945,
            20.8048205
          ],
          [
            107.0404618,
            20.8047088
          ],
          [
            107.0405264,
            20.8045012
          ],
          [
            107.0405723,
            20.804354
          ],
          [
            107.0405118,
            20.8043102
          ],
          [
            107.0404575,
            20.8043155
          ],
          [
            107.040398,
            20.8042888
          ]
        ]
      },
      "id": "relation/20402194"
    },
    {
      "type": "Feature",
      "properties": {
        "@id": "relation/20632897",
        "name": "Sin Chai",
        "route": "hiking",
        "type": "route"
      },
      "geometry": {
        "type": "LineString",
        "coordinates": [
          [
            103.8091582,
            22.3404106
          ],
          [
            103.8091243,
            22.3403099
          ],
          [
            103.8082473,
            22.3397517
          ],
          [
            103.8074533,
            22.3397616
          ],
          [
            103.8060157,
            22.3394242
          ],
          [
            103.804814,
            22.3378464
          ],
          [
            103.8038162,
            22.3361097
          ],
          [
            103.8037841,
            22.3351868
          ],
          [
            103.803312,
            22.3344822
          ],
          [
            103.8028507,
            22.3333409
          ],
          [
            103.8024859,
            22.3328943
          ],
          [
            103.8007585,
            22.331763
          ],
          [
            103.799514,
            22.3305423
          ],
          [
            103.7995354,
            22.3300362
          ],
          [
            103.7997715,
            22.3294209
          ],
          [
            103.7997929,
            22.329004
          ],
          [
            103.799911,
            22.3284185
          ],
          [
            103.7993852,
            22.3282101
          ],
          [
            103.7988595,
            22.3278826
          ],
          [
            103.7985162,
            22.3274459
          ],
          [
            103.7985055,
            22.3270886
          ],
          [
            103.798248,
            22.3261557
          ],
          [
            103.7974111,
            22.3256496
          ],
          [
            103.7968318,
            22.3252029
          ],
          [
            103.7965957,
            22.3247365
          ],
          [
            103.7959842,
            22.3239127
          ],
          [
            103.7958233,
            22.3233967
          ],
          [
            103.7953405,
            22.3230096
          ],
          [
            103.7939564,
            22.322692
          ],
          [
            103.7936131,
            22.3228111
          ],
          [
            103.7934415,
            22.3232279
          ],
          [
            103.7929694,
            22.3232676
          ],
          [
            103.7925188,
            22.3233867
          ],
          [
            103.7913923,
            22.3228706
          ],
          [
            103.7900512,
            22.3218881
          ],
          [
            103.7884334,
            22.3215183
          ],
          [
            103.7869526,
            22.3213364
          ],
          [
            103.7866577,
            22.3211725
          ],
          [
            103.7864938,
            22.3209977
          ],
          [
            103.7864173,
            22.3208229
          ],
          [
            103.7862097,
            22.320801
          ],
          [
            103.786024,
            22.3206699
          ],
          [
            103.7858055,
            22.3205607
          ],
          [
            103.7855979,
            22.3205607
          ],
          [
            103.7855542,
            22.3203968
          ],
          [
            103.7854122,
            22.3204077
          ],
          [
            103.7852374,
            22.3204951
          ],
          [
            103.7851391,
            22.3204187
          ],
          [
            103.7849533,
            22.3204405
          ],
          [
            103.7848659,
            22.3202439
          ],
          [
            103.7845819,
            22.3204514
          ],
          [
            103.784276,
            22.320222
          ],
          [
            103.7840356,
            22.3203531
          ],
          [
            103.7838717,
            22.3202985
          ],
          [
            103.7837709,
            22.3202617
          ],
          [
            103.7835358,
            22.3201965
          ],
          [
            103.7833001,
            22.3200566
          ],
          [
            103.7831497,
            22.3200428
          ],
          [
            103.7830196,
            22.3199489
          ],
          [
            103.782965,
            22.3197741
          ],
          [
            103.7830414,
            22.3195884
          ],
          [
            103.7831288,
            22.3194791
          ],
          [
            103.7831179,
            22.3193371
          ],
          [
            103.7831616,
            22.3190312
          ],
          [
            103.7832709,
            22.3189765
          ],
          [
            103.7833255,
            22.3190967
          ],
          [
            103.7834238,
            22.3189875
          ],
          [
            103.783391,
            22.3188017
          ],
          [
            103.7833583,
            22.3185286
          ],
          [
            103.7833255,
            22.318332
          ],
          [
            103.7832599,
            22.3181462
          ],
          [
            103.7831288,
            22.3183101
          ],
          [
            103.7830087,
            22.3183975
          ],
          [
            103.7828885,
            22.318179
          ],
          [
            103.782812,
            22.3180479
          ],
          [
            103.7826044,
            22.3180151
          ],
          [
            103.7824733,
            22.318037
          ],
          [
            103.7824733,
            22.3177966
          ],
          [
            103.7824952,
            22.3176437
          ],
          [
            103.7825935,
            22.3176
          ],
          [
            103.7827792,
            22.317742
          ],
          [
            103.7829322,
            22.3179168
          ],
          [
            103.783107,
            22.3180151
          ],
          [
            103.7833255,
            22.3179496
          ],
          [
            103.7833255,
            22.3177857
          ],
          [
            103.7831507,
            22.3175563
          ],
          [
            103.7829103,
            22.3173596
          ],
          [
            103.7828011,
            22.3171957
          ],
          [
            103.7827901,
            22.3169882
          ],
          [
            103.7827901,
            22.3168571
          ],
          [
            103.7827683,
            22.3167369
          ],
          [
            103.78267,
            22.3165621
          ],
          [
            103.7824952,
            22.316431
          ],
          [
            103.782517,
            22.3162234
          ],
          [
            103.7825061,
            22.3159393
          ],
          [
            103.7824296,
            22.3157864
          ],
          [
            103.7823204,
            22.3155788
          ],
          [
            103.7822985,
            22.3154259
          ],
          [
            103.7822876,
            22.3152729
          ],
          [
            103.782375,
            22.31512
          ],
          [
            103.7823859,
            22.3149124
          ],
          [
            103.7823204,
            22.3147594
          ],
          [
            103.7821783,
            22.314672
          ],
          [
            103.7821237,
            22.3145628
          ],
          [
            103.7820691,
            22.3144317
          ],
          [
            103.7819271,
            22.314377
          ],
          [
            103.7817741,
            22.3142459
          ],
          [
            103.7816102,
            22.3140711
          ],
          [
            103.781359,
            22.3138417
          ],
          [
            103.781206,
            22.3137106
          ],
          [
            103.7810421,
            22.3136669
          ],
          [
            103.7810967,
            22.313503
          ],
          [
            103.7811623,
            22.313361
          ],
          [
            103.7810967,
            22.3132736
          ],
          [
            103.7809547,
            22.3133938
          ],
          [
            103.7809219,
            22.3132518
          ],
          [
            103.7808673,
            22.313077
          ],
          [
            103.7807581,
            22.3130005
          ],
          [
            103.7809219,
            22.3127273
          ],
          [
            103.7808673,
            22.3125198
          ],
          [
            103.7807034,
            22.3125525
          ],
          [
            103.7807362,
            22.3123777
          ],
          [
            103.7806925,
            22.3121811
          ],
          [
            103.7807581,
            22.3120828
          ],
          [
            103.7808345,
            22.3122466
          ],
          [
            103.7809329,
            22.3122903
          ],
          [
            103.7809219,
            22.3120828
          ],
          [
            103.7809001,
            22.3118752
          ],
          [
            103.7808782,
            22.3117113
          ],
          [
            103.7808127,
            22.3115693
          ],
          [
            103.7808127,
            22.3114163
          ],
          [
            103.780911,
            22.3111541
          ],
          [
            103.7809329,
            22.3109684
          ],
          [
            103.7809001,
            22.3107936
          ],
          [
            103.7807471,
            22.3106953
          ],
          [
            103.7805505,
            22.310586
          ],
          [
            103.7804085,
            22.3104658
          ],
          [
            103.7799933,
            22.3104112
          ],
          [
            103.7797202,
            22.3103129
          ],
          [
            103.7792067,
            22.3101818
          ],
          [
            103.7790537,
            22.3100179
          ],
          [
            103.7788134,
            22.310007
          ],
          [
            103.7785512,
            22.309865
          ],
          [
            103.7784419,
            22.3097011
          ],
          [
            103.778136,
            22.3095481
          ],
          [
            103.7780268,
            22.3094607
          ],
          [
            103.7778083,
            22.3092968
          ],
          [
            103.7775461,
            22.3092531
          ],
          [
            103.7773713,
            22.3090783
          ],
          [
            103.7771746,
            22.3089254
          ],
          [
            103.7770763,
            22.3088161
          ],
          [
            103.7768796,
            22.3088271
          ],
          [
            103.7766284,
            22.3087069
          ],
          [
            103.7765082,
            22.3085321
          ],
          [
            103.7763115,
            22.3083682
          ],
          [
            103.7761695,
            22.308259
          ],
          [
            103.776093,
            22.3080077
          ],
          [
            103.7762569,
            22.3077018
          ],
          [
            103.7762023,
            22.3075488
          ],
          [
            103.7761367,
            22.3073959
          ],
          [
            103.775798,
            22.3071664
          ],
          [
            103.7757056,
            22.3070644
          ]
        ]
      },
      "id": "relation/20632897"
    },
    {
      "type": "Feature",
      "properties": {
        "@id": "node/8819776751",
        "@relations": [
          {
            "role": "",
            "rel": 19452863,
            "reltags": {
              "alt_name": "Balerion",
              "ascent": "2550",
              "distance": "30",
              "name": "Ham Lon Chan Ai 2025",
              "name:en": "HLCA2025",
              "name:vi": "Hàm Lợn Chân Ái 2025",
              "network": "lwn",
              "network:type": "lwn",
              "operator": "[VNO] Vietnam Outdoor",
              "ref": "VNO-HN-SS-NS-004",
              "roundtrip": "yes",
              "route": "hiking",
              "type": "route",
              "website": "https://www.facebook.com/VNMOutdoor"
            }
          }
        ]
      },
      "geometry": {
        "type": "Point",
        "coordinates": [
          105.8065189,
          21.3224746
        ]
      },
      "id": "node/8819776751"
    }
  ]
}